https://en.wikipedia.org/wiki/Arlington,_Virginia https://en.wikipedia.org/wiki/Arlington,_Virginia_(disambiguation)
https://en.wikipedia.org/wiki/Arlington,_Virginia https://en.wikipedia.org/wiki/Downtown_(Washington,_D.C.)
https://en.wikipedia.org/wiki/Arlington,_Virginia https://en.wikipedia.org/wiki/United_States
https://en.wikipedia.org/wiki/Arlington,_Virginia https://en.wikipedia.org/wiki/Time_in_the_United_States
https://en.wikipedia.org/wiki/Arlington,_Virginia https://en.wikipedia.org/wiki/Eastern_Time_Zone
https://en.wikipedia.org/wiki/Arlington,_Virginia https://en.wikipedia.org/wiki/Coordinated_Universal_Time
https://en.wikipedia.org/wiki/Arlington,_Virginia https://en.wikipedia.org/wiki/Daylight_saving_time
https://en.wikipedia.org/wiki/Arlington,_Virginia https://en.wikipedia.org/wiki/List_of_cities_and_counties_in_Virginia
https://en.wikipedia.org/wiki/Arlington,_Virginia https://en.wikipedia.org/wiki/Principal_city
https://en.wikipedia.org/wiki/Arlington,_Virginia https://en.wikipedia.org/wiki/District_of_Columbia
https://en.wikipedia.org/wiki/Arlington,_Virginia https://en.wikipedia.org/wiki/Political_subdivisions_of_Virginia
https://en.wikipedia.org/wiki/Arlington,_Virginia https://en.wikipedia.org/wiki/U.S._government
https://en.wikipedia.org/wiki/Arlington,_Virginia https://en.wikipedia.org/wiki/Thomas_Fairfax,_6th_Lord_Fairfax_of_Cameron
https://en.wikipedia.org/wiki/Arlington,_Virginia https://en.wikipedia.org/wiki/Henry_Bennet,_1st_Earl_of_Arlington
https://en.wikipedia.org/wiki/Arlington,_Virginia https://en.wikipedia.org/wiki/Earl_of_Arlington
https://en.wikipedia.org/wiki/Arlington,_Virginia https://en.wikipedia.org/wiki/Plantations_in_the_American_South
https://en.wikipedia.org/wiki/Arlington,_Virginia https://en.wikipedia.org/wiki/Martha_Washington
https://en.wikipedia.org/wiki/Arlington,_Virginia https://en.wikipedia.org/wiki/Anacostia_River
https://en.wikipedia.org/wiki/Arlington,_Virginia https://en.wikipedia.org/wiki/United_States_Constitution
https://en.wikipedia.org/wiki/Arlington,_Virginia https://en.wikipedia.org/wiki/Andrew_Ellicott
https://en.wikipedia.org/wiki/Arlington,_Virginia https://en.wikipedia.org/wiki/Boundary_Stones_(District_of_Columbia)
https://en.wikipedia.org/wiki/Arlington,_Virginia https://en.wikipedia.org/wiki/Georgetown,_D.C.
https://en.wikipedia.org/wiki/Arlington,_Virginia https://en.wikipedia.org/wiki/Chesapeake_and_Ohio_Canal
https://en.wikipedia.org/wiki/Arlington,_Virginia https://en.wikipedia.org/wiki/Alexandria_Canal_(Virginia)
https://en.wikipedia.org/wiki/Arlington,_Virginia https://en.wikipedia.org/wiki/Slavery_in_the_United_States
https://en.wikipedia.org/wiki/Arlington,_Virginia https://en.wikipedia.org/wiki/Franklin_and_Armfield_Office
https://en.wikipedia.org/wiki/Arlington,_Virginia https://en.wikipedia.org/wiki/Abolitionism_in_the_United_States
https://en.wikipedia.org/wiki/Arlington,_Virginia https://en.wikipedia.org/wiki/List_of_United_States_federal_legislation,_1789%E2%80%931901#1841_to_1851
https://en.wikipedia.org/wiki/Arlington,_Virginia https://en.wikipedia.org/wiki/James_K._Polk
https://en.wikipedia.org/wiki/Arlington,_Virginia https://en.wikipedia.org/wiki/Voting_rights_in_the_United_States
https://en.wikipedia.org/wiki/Arlington,_Virginia https://en.wikipedia.org/wiki/Virginia_in_the_American_Civil_War
https://en.wikipedia.org/wiki/Arlington,_Virginia https://en.wikipedia.org/wiki/Abingdon_(plantation)
https://en.wikipedia.org/wiki/Arlington,_Virginia https://en.wikipedia.org/wiki/Confederate_Army
https://en.wikipedia.org/wiki/Arlington,_Virginia https://en.wikipedia.org/wiki/James_A._Garfield
https://en.wikipedia.org/wiki/Arlington,_Virginia https://en.wikipedia.org/wiki/United_States_House_of_Representatives
https://en.wikipedia.org/wiki/Arlington,_Virginia https://en.wikipedia.org/wiki/Brigadier_general_(United_States)
https://en.wikipedia.org/wiki/Arlington,_Virginia https://en.wikipedia.org/wiki/Union_Army
https://en.wikipedia.org/wiki/Arlington,_Virginia https://en.wikipedia.org/wiki/List_of_Presidents_of_the_United_States
https://en.wikipedia.org/wiki/Arlington,_Virginia https://en.wikipedia.org/wiki/Attorney_at_law
https://en.wikipedia.org/wiki/Arlington,_Virginia https://en.wikipedia.org/wiki/National_Park_Service
https://en.wikipedia.org/wiki/Arlington,_Virginia https://en.wikipedia.org/wiki/Incorporated_cities
https://en.wikipedia.org/wiki/Arlington,_Virginia https://en.wikipedia.org/wiki/Incorporated_towns
https://en.wikipedia.org/wiki/Arlington,_Virginia https://en.wikipedia.org/wiki/Potomac,_Virginia
https://en.wikipedia.org/wiki/Arlington,_Virginia https://en.wikipedia.org/wiki/Northern_Virginia_trolleys
https://en.wikipedia.org/wiki/Arlington,_Virginia https://en.wikipedia.org/wiki/Hoover_Field
https://en.wikipedia.org/wiki/Arlington,_Virginia https://en.wikipedia.org/wiki/Charlottesville
https://en.wikipedia.org/wiki/Arlington,_Virginia https://en.wikipedia.org/wiki/Henry_G._Shirley
https://en.wikipedia.org/wiki/Arlington,_Virginia https://en.wikipedia.org/wiki/Interstate_395_(District_of_Columbia%E2%80%93Virginia)
https://en.wikipedia.org/wiki/Arlington,_Virginia https://en.wikipedia.org/wiki/Parkfairfax,_Virginia
https://en.wikipedia.org/wiki/Arlington,_Virginia https://en.wikipedia.org/wiki/Desegregated
https://en.wikipedia.org/wiki/Arlington,_Virginia https://en.wikipedia.org/wiki/U.S._Supreme_Court
https://en.wikipedia.org/wiki/Arlington,_Virginia https://en.wikipedia.org/wiki/Brown_v._Board_of_Education
https://en.wikipedia.org/wiki/Arlington,_Virginia https://en.wikipedia.org/wiki/Plessy_v._Ferguson
https://en.wikipedia.org/wiki/Arlington,_Virginia https://en.wikipedia.org/wiki/National_Association_for_the_Advancement_of_Colored_People
https://en.wikipedia.org/wiki/Arlington,_Virginia https://en.wikipedia.org/wiki/Massive_resistance
https://en.wikipedia.org/wiki/Arlington,_Virginia https://en.wikipedia.org/wiki/Navy_Annex
https://en.wikipedia.org/wiki/Arlington,_Virginia https://en.wikipedia.org/wiki/M.T._Broyhill_%26_Sons_Corporation
https://en.wikipedia.org/wiki/Arlington,_Virginia https://en.wikipedia.org/wiki/Joel_Broyhill
https://en.wikipedia.org/wiki/Arlington,_Virginia https://en.wikipedia.org/wiki/Virginia%27s_10th_congressional_district
https://en.wikipedia.org/wiki/Arlington,_Virginia https://en.wikipedia.org/wiki/Little_Saigon,_Arlington,_Virginia
https://en.wikipedia.org/wiki/Arlington,_Virginia https://en.wikipedia.org/wiki/Al-Qaeda
https://en.wikipedia.org/wiki/Arlington,_Virginia https://en.wikipedia.org/wiki/Aircraft_hijacking
https://en.wikipedia.org/wiki/Arlington,_Virginia https://en.wikipedia.org/wiki/American_Airlines_Flight_77
https://en.wikipedia.org/wiki/Arlington,_Virginia https://en.wikipedia.org/wiki/Amazon_(company)
https://en.wikipedia.org/wiki/Arlington,_Virginia https://en.wikipedia.org/wiki/Amazon_HQ2
https://en.wikipedia.org/wiki/Arlington,_Virginia https://en.wikipedia.org/wiki/Long_Island_City
https://en.wikipedia.org/wiki/Arlington,_Virginia https://en.wikipedia.org/wiki/National_Landing
https://en.wikipedia.org/wiki/Arlington,_Virginia https://en.wikipedia.org/wiki/Arlington,_Virginia
https://en.wikipedia.org/wiki/Arlington,_Virginia https://en.wikipedia.org/wiki/Rapid_transit
https://en.wikipedia.org/wiki/Arlington,_Virginia https://en.wikipedia.org/wiki/Rosslyn,_Virginia
https://en.wikipedia.org/wiki/Arlington,_Virginia https://en.wikipedia.org/wiki/County_statistics_of_the_United_States
https://en.wikipedia.org/wiki/Arlington,_Virginia https://en.wikipedia.org/wiki/Urban_planning
https://en.wikipedia.org/wiki/Arlington,_Virginia https://en.wikipedia.org/wiki/Virginia_State_Route_244
https://en.wikipedia.org/wiki/Arlington,_Virginia https://en.wikipedia.org/wiki/Walkability
https://en.wikipedia.org/wiki/Arlington,_Virginia https://en.wikipedia.org/wiki/Transit-oriented_development
https://en.wikipedia.org/wiki/Arlington,_Virginia https://en.wikipedia.org/wiki/Urban_village
https://en.wikipedia.org/wiki/Arlington,_Virginia https://en.wikipedia.org/wiki/Pentagon_City,_Arlington,_Virginia
https://en.wikipedia.org/wiki/Arlington,_Virginia https://en.wikipedia.org/wiki/Smart_Growth
https://en.wikipedia.org/wiki/Arlington,_Virginia https://en.wikipedia.org/wiki/National_Register_of_Historic_Places
https://en.wikipedia.org/wiki/Arlington,_Virginia https://en.wikipedia.org/wiki/Historic_districts_in_the_United_States#Local-level
https://en.wikipedia.org/wiki/Arlington,_Virginia https://en.wikipedia.org/wiki/Nauck,_Virginia
https://en.wikipedia.org/wiki/Arlington,_Virginia https://en.wikipedia.org/wiki/Trust_for_Public_Land
https://en.wikipedia.org/wiki/Arlington,_Virginia https://en.wikipedia.org/wiki/Reagan_National_Airport
https://en.wikipedia.org/wiki/Arlington,_Virginia https://en.wikipedia.org/wiki/Precipitation
https://en.wikipedia.org/wiki/Arlington,_Virginia https://en.wikipedia.org/wiki/Relative_humidity
https://en.wikipedia.org/wiki/Arlington,_Virginia https://en.wikipedia.org/wiki/K%C3%B6ppen_Climate_Classification
https://en.wikipedia.org/wiki/Arlington,_Virginia https://en.wikipedia.org/wiki/Humid_subtropical_climate
https://en.wikipedia.org/wiki/Arlington,_Virginia https://en.wikipedia.org/wiki/1800_United_States_Census
https://en.wikipedia.org/wiki/Arlington,_Virginia https://en.wikipedia.org/wiki/1810_United_States_Census
https://en.wikipedia.org/wiki/Arlington,_Virginia https://en.wikipedia.org/wiki/1820_United_States_Census
https://en.wikipedia.org/wiki/Arlington,_Virginia https://en.wikipedia.org/wiki/1830_United_States_Census
https://en.wikipedia.org/wiki/Arlington,_Virginia https://en.wikipedia.org/wiki/1840_United_States_Census
https://en.wikipedia.org/wiki/Arlington,_Virginia https://en.wikipedia.org/wiki/1850_United_States_Census
https://en.wikipedia.org/wiki/Arlington,_Virginia https://en.wikipedia.org/wiki/1860_United_States_Census
https://en.wikipedia.org/wiki/Arlington,_Virginia https://en.wikipedia.org/wiki/1870_United_States_Census
https://en.wikipedia.org/wiki/Arlington,_Virginia https://en.wikipedia.org/wiki/1880_United_States_Census
https://en.wikipedia.org/wiki/Arlington,_Virginia https://en.wikipedia.org/wiki/1890_United_States_Census
https://en.wikipedia.org/wiki/Arlington,_Virginia https://en.wikipedia.org/wiki/1900_United_States_Census
https://en.wikipedia.org/wiki/Arlington,_Virginia https://en.wikipedia.org/wiki/1910_United_States_Census
https://en.wikipedia.org/wiki/Arlington,_Virginia https://en.wikipedia.org/wiki/1920_United_States_Census
https://en.wikipedia.org/wiki/Arlington,_Virginia https://en.wikipedia.org/wiki/1930_United_States_Census
https://en.wikipedia.org/wiki/Arlington,_Virginia https://en.wikipedia.org/wiki/1940_United_States_Census
https://en.wikipedia.org/wiki/Arlington,_Virginia https://en.wikipedia.org/wiki/1950_United_States_Census
https://en.wikipedia.org/wiki/Arlington,_Virginia https://en.wikipedia.org/wiki/1960_United_States_Census
https://en.wikipedia.org/wiki/Arlington,_Virginia https://en.wikipedia.org/wiki/1970_United_States_Census
https://en.wikipedia.org/wiki/Arlington,_Virginia https://en.wikipedia.org/wiki/1980_United_States_Census
https://en.wikipedia.org/wiki/Arlington,_Virginia https://en.wikipedia.org/wiki/1990_United_States_Census
https://en.wikipedia.org/wiki/Arlington,_Virginia https://en.wikipedia.org/wiki/2000_United_States_Census
https://en.wikipedia.org/wiki/Arlington,_Virginia https://en.wikipedia.org/wiki/2010_United_States_Census
https://en.wikipedia.org/wiki/Arlington,_Virginia https://en.wikipedia.org/wiki/Non-Hispanic_whites
https://en.wikipedia.org/wiki/Arlington,_Virginia https://en.wikipedia.org/wiki/African_Americans
https://en.wikipedia.org/wiki/Arlington,_Virginia https://en.wikipedia.org/wiki/Native_Americans_in_the_United_States
https://en.wikipedia.org/wiki/Arlington,_Virginia https://en.wikipedia.org/wiki/Asian_Americans
https://en.wikipedia.org/wiki/Arlington,_Virginia https://en.wikipedia.org/wiki/Pacific_Islands_Americans
https://en.wikipedia.org/wiki/Arlington,_Virginia https://en.wikipedia.org/wiki/Race_and_ethnicity_in_the_United_States_Census#Race
https://en.wikipedia.org/wiki/Arlington,_Virginia https://en.wikipedia.org/wiki/Multiracial_Americans
https://en.wikipedia.org/wiki/Arlington,_Virginia https://en.wikipedia.org/wiki/Hispanic_and_Latino_Americans
https://en.wikipedia.org/wiki/Arlington,_Virginia https://en.wikipedia.org/wiki/Halloween
https://en.wikipedia.org/wiki/Arlington,_Virginia https://en.wikipedia.org/wiki/San_Francisco
https://en.wikipedia.org/wiki/Arlington,_Virginia https://en.wikipedia.org/wiki/Poverty_threshold
https://en.wikipedia.org/wiki/Arlington,_Virginia https://en.wikipedia.org/wiki/Graduate_degrees
https://en.wikipedia.org/wiki/Arlington,_Virginia https://en.wikipedia.org/wiki/County_manager_(United_States)
https://en.wikipedia.org/wiki/Arlington,_Virginia https://en.wikipedia.org/wiki/Virginia_counties
https://en.wikipedia.org/wiki/Arlington,_Virginia https://en.wikipedia.org/wiki/Commonwealth%27s_attorney
https://en.wikipedia.org/wiki/Arlington,_Virginia https://en.wikipedia.org/wiki/Attorney_General_of_Virginia
https://en.wikipedia.org/wiki/Arlington,_Virginia https://en.wikipedia.org/wiki/Bob_McDonnell
https://en.wikipedia.org/wiki/Arlington,_Virginia https://en.wikipedia.org/wiki/Creigh_Deeds
https://en.wikipedia.org/wiki/Arlington,_Virginia https://en.wikipedia.org/wiki/Christian_Dorsey
https://en.wikipedia.org/wiki/Arlington,_Virginia https://en.wikipedia.org/wiki/Libby_Garvey
https://en.wikipedia.org/wiki/Arlington,_Virginia https://en.wikipedia.org/wiki/Adam_Ebbin
https://en.wikipedia.org/wiki/Arlington,_Virginia https://en.wikipedia.org/wiki/Barbara_Favola
https://en.wikipedia.org/wiki/Arlington,_Virginia https://en.wikipedia.org/wiki/Mark_Levine_(journalist)
https://en.wikipedia.org/wiki/Arlington,_Virginia https://en.wikipedia.org/wiki/Patrick_A._Hope
https://en.wikipedia.org/wiki/Arlington,_Virginia https://en.wikipedia.org/wiki/Rip_Sullivan
https://en.wikipedia.org/wiki/Arlington,_Virginia https://en.wikipedia.org/wiki/Alfonso_H._Lopez
https://en.wikipedia.org/wiki/Arlington,_Virginia https://en.wikipedia.org/wiki/Walter_Mondale
https://en.wikipedia.org/wiki/Arlington,_Virginia https://en.wikipedia.org/wiki/Ronald_Reagan
https://en.wikipedia.org/wiki/Arlington,_Virginia https://en.wikipedia.org/wiki/Donald_Trump
https://en.wikipedia.org/wiki/Arlington,_Virginia https://en.wikipedia.org/wiki/Adlai_Stevenson_II
https://en.wikipedia.org/wiki/Arlington,_Virginia https://en.wikipedia.org/wiki/Don_Beyer
https://en.wikipedia.org/wiki/Arlington,_Virginia https://en.wikipedia.org/wiki/Third_Party_(United_States)
https://en.wikipedia.org/wiki/Arlington,_Virginia https://en.wikipedia.org/wiki/United_States_presidential_election_in_Virginia,_2016
https://en.wikipedia.org/wiki/Arlington,_Virginia https://en.wikipedia.org/wiki/United_States_presidential_election_in_Virginia,_2012
https://en.wikipedia.org/wiki/Arlington,_Virginia https://en.wikipedia.org/wiki/United_States_presidential_election_in_Virginia,_2008
https://en.wikipedia.org/wiki/Arlington,_Virginia https://en.wikipedia.org/wiki/United_States_presidential_election_in_Virginia,_2004
https://en.wikipedia.org/wiki/Arlington,_Virginia https://en.wikipedia.org/wiki/United_States_presidential_election_in_Virginia,_2000
https://en.wikipedia.org/wiki/Arlington,_Virginia https://en.wikipedia.org/wiki/United_States_presidential_election_in_Virginia,_1996
https://en.wikipedia.org/wiki/Arlington,_Virginia https://en.wikipedia.org/wiki/United_States_presidential_election_in_Virginia,_1992
https://en.wikipedia.org/wiki/Arlington,_Virginia https://en.wikipedia.org/wiki/United_States_presidential_election_in_Virginia,_1988
https://en.wikipedia.org/wiki/Arlington,_Virginia https://en.wikipedia.org/wiki/United_States_presidential_election_in_Virginia,_1984
https://en.wikipedia.org/wiki/Arlington,_Virginia https://en.wikipedia.org/wiki/United_States_presidential_election_in_Virginia,_1980
https://en.wikipedia.org/wiki/Arlington,_Virginia https://en.wikipedia.org/wiki/United_States_presidential_election_in_Virginia,_1976
https://en.wikipedia.org/wiki/Arlington,_Virginia https://en.wikipedia.org/wiki/United_States_presidential_election_in_Virginia,_1972
https://en.wikipedia.org/wiki/Arlington,_Virginia https://en.wikipedia.org/wiki/United_States_presidential_election_in_Virginia,_1968
https://en.wikipedia.org/wiki/Arlington,_Virginia https://en.wikipedia.org/wiki/United_States_presidential_election_in_Virginia,_1964
https://en.wikipedia.org/wiki/Arlington,_Virginia https://en.wikipedia.org/wiki/United_States_presidential_election_in_Virginia,_1960
https://en.wikipedia.org/wiki/Arlington,_Virginia https://en.wikipedia.org/wiki/United_States_presidential_election_in_Virginia,_1956
https://en.wikipedia.org/wiki/Arlington,_Virginia https://en.wikipedia.org/wiki/United_States_presidential_election_in_Virginia,_1952
https://en.wikipedia.org/wiki/Arlington,_Virginia https://en.wikipedia.org/wiki/United_States_presidential_election_in_Virginia,_1948
https://en.wikipedia.org/wiki/Arlington,_Virginia https://en.wikipedia.org/wiki/United_States_presidential_election_in_Virginia,_1944
https://en.wikipedia.org/wiki/Arlington,_Virginia https://en.wikipedia.org/wiki/United_States_presidential_election_in_Virginia,_1940
https://en.wikipedia.org/wiki/Arlington,_Virginia https://en.wikipedia.org/wiki/United_States_presidential_election_in_Virginia,_1936
https://en.wikipedia.org/wiki/Arlington,_Virginia https://en.wikipedia.org/wiki/United_States_presidential_election_in_Virginia,_1932
https://en.wikipedia.org/wiki/Arlington,_Virginia https://en.wikipedia.org/wiki/United_States_presidential_election_in_Virginia,_1928
https://en.wikipedia.org/wiki/Arlington,_Virginia https://en.wikipedia.org/wiki/United_States_presidential_election_in_Virginia,_1924
https://en.wikipedia.org/wiki/Arlington,_Virginia https://en.wikipedia.org/wiki/United_States_presidential_election_in_Virginia,_1920
https://en.wikipedia.org/wiki/Arlington,_Virginia https://en.wikipedia.org/wiki/United_States_Senate_election_in_Virginia,_2000
https://en.wikipedia.org/wiki/Arlington,_Virginia https://en.wikipedia.org/wiki/United_States_Senate_election_in_Virginia,_2002
https://en.wikipedia.org/wiki/Arlington,_Virginia https://en.wikipedia.org/wiki/United_States_Senate_election_in_Virginia,_2006
https://en.wikipedia.org/wiki/Arlington,_Virginia https://en.wikipedia.org/wiki/United_States_Senate_election_in_Virginia,_2008
https://en.wikipedia.org/wiki/Arlington,_Virginia https://en.wikipedia.org/wiki/United_States_Senate_election_in_Virginia,_2012
https://en.wikipedia.org/wiki/Arlington,_Virginia https://en.wikipedia.org/wiki/United_States_Senate_election_in_Virginia,_2014
https://en.wikipedia.org/wiki/Arlington,_Virginia https://en.wikipedia.org/wiki/Virginia_gubernatorial_election,_1993
https://en.wikipedia.org/wiki/Arlington,_Virginia https://en.wikipedia.org/wiki/Virginia_gubernatorial_election,_1997
https://en.wikipedia.org/wiki/Arlington,_Virginia https://en.wikipedia.org/wiki/Virginia_gubernatorial_election,_2001
https://en.wikipedia.org/wiki/Arlington,_Virginia https://en.wikipedia.org/wiki/Virginia_gubernatorial_election,_2005
https://en.wikipedia.org/wiki/Arlington,_Virginia https://en.wikipedia.org/wiki/Virginia_gubernatorial_election,_2009
https://en.wikipedia.org/wiki/Arlington,_Virginia https://en.wikipedia.org/wiki/Virginia_gubernatorial_election,_2013
https://en.wikipedia.org/wiki/Arlington,_Virginia https://en.wikipedia.org/wiki/Virginia_gubernatorial_election,_2017
https://en.wikipedia.org/wiki/Arlington,_Virginia https://en.wikipedia.org/wiki/Zip_code
https://en.wikipedia.org/wiki/Arlington,_Virginia https://en.wikipedia.org/wiki/List_of_companies_headquartered_in_Northern_Virginia
https://en.wikipedia.org/wiki/Arlington,_Virginia https://en.wikipedia.org/wiki/BusinessWeek
https://en.wikipedia.org/wiki/Arlington,_Virginia https://en.wikipedia.org/wiki/Financial_crisis_of_2007%E2%80%932010
https://en.wikipedia.org/wiki/Arlington,_Virginia https://en.wikipedia.org/wiki/Air_Force_Office_of_Scientific_Research
https://en.wikipedia.org/wiki/Arlington,_Virginia https://en.wikipedia.org/wiki/American_Battle_Monuments_Commission
https://en.wikipedia.org/wiki/Arlington,_Virginia https://en.wikipedia.org/wiki/DARPA
https://en.wikipedia.org/wiki/Arlington,_Virginia https://en.wikipedia.org/wiki/Diplomatic_Security_Service
https://en.wikipedia.org/wiki/Arlington,_Virginia https://en.wikipedia.org/wiki/Drug_Enforcement_Administration
https://en.wikipedia.org/wiki/Arlington,_Virginia https://en.wikipedia.org/wiki/Foreign_Service_Institute
https://en.wikipedia.org/wiki/Arlington,_Virginia https://en.wikipedia.org/wiki/DHS_National_Protection_and_Programs_Directorate
https://en.wikipedia.org/wiki/Arlington,_Virginia https://en.wikipedia.org/wiki/Nuclear_Waste_Technical_Review_Board
https://en.wikipedia.org/wiki/Arlington,_Virginia https://en.wikipedia.org/wiki/Office_of_Naval_Research
https://en.wikipedia.org/wiki/Arlington,_Virginia https://en.wikipedia.org/wiki/Transportation_Security_Administration
https://en.wikipedia.org/wiki/Arlington,_Virginia https://en.wikipedia.org/wiki/United_States_Marshals_Service
https://en.wikipedia.org/wiki/Arlington,_Virginia https://en.wikipedia.org/wiki/United_States_Trade_and_Development_Agency
https://en.wikipedia.org/wiki/Arlington,_Virginia https://en.wikipedia.org/wiki/U.S._AbilityOne_Commission
https://en.wikipedia.org/wiki/Arlington,_Virginia https://en.wikipedia.org/wiki/US_Airways
https://en.wikipedia.org/wiki/Arlington,_Virginia https://en.wikipedia.org/wiki/Crystal_City,_Virginia
https://en.wikipedia.org/wiki/Arlington,_Virginia https://en.wikipedia.org/wiki/AES_Corporation
https://en.wikipedia.org/wiki/Arlington,_Virginia https://en.wikipedia.org/wiki/Alcalde_and_Fay
https://en.wikipedia.org/wiki/Arlington,_Virginia https://en.wikipedia.org/wiki/Arlington_Asset_Investment
https://en.wikipedia.org/wiki/Arlington,_Virginia https://en.wikipedia.org/wiki/The_Corporate_Executive_Board_Company
https://en.wikipedia.org/wiki/Arlington,_Virginia https://en.wikipedia.org/wiki/FBR_Capital_Markets
https://en.wikipedia.org/wiki/Arlington,_Virginia https://en.wikipedia.org/wiki/Interstate_Hotels_%26_Resorts
https://en.wikipedia.org/wiki/Arlington,_Virginia https://en.wikipedia.org/wiki/Rosetta_Stone_(company)
https://en.wikipedia.org/wiki/Arlington,_Virginia https://en.wikipedia.org/wiki/American_Institute_in_Taiwan
https://en.wikipedia.org/wiki/Arlington,_Virginia https://en.wikipedia.org/wiki/Army_Emergency_Relief
https://en.wikipedia.org/wiki/Arlington,_Virginia https://en.wikipedia.org/wiki/The_Conservation_Fund
https://en.wikipedia.org/wiki/Arlington,_Virginia https://en.wikipedia.org/wiki/Conservation_International
https://en.wikipedia.org/wiki/Arlington,_Virginia https://en.wikipedia.org/wiki/Consumer_Electronics_Association
https://en.wikipedia.org/wiki/Arlington,_Virginia https://en.wikipedia.org/wiki/The_Fellowship_(Christian_organization)
https://en.wikipedia.org/wiki/Arlington,_Virginia https://en.wikipedia.org/wiki/Feminist_Majority_Foundation
https://en.wikipedia.org/wiki/Arlington,_Virginia https://en.wikipedia.org/wiki/Insurance_Institute_for_Highway_Safety
https://en.wikipedia.org/wiki/Arlington,_Virginia https://en.wikipedia.org/wiki/The_Nature_Conservancy
https://en.wikipedia.org/wiki/Arlington,_Virginia https://en.wikipedia.org/wiki/Navy-Marine_Corps_Relief_Society
https://en.wikipedia.org/wiki/Arlington,_Virginia https://en.wikipedia.org/wiki/Public_Broadcasting_Service
https://en.wikipedia.org/wiki/Arlington,_Virginia https://en.wikipedia.org/wiki/United_Service_Organizations
https://en.wikipedia.org/wiki/Arlington,_Virginia https://en.wikipedia.org/wiki/US-Taiwan_Business_Council
https://en.wikipedia.org/wiki/Arlington,_Virginia https://en.wikipedia.org/wiki/Embassy_of_South_Korea,_Washington,_D.C.
https://en.wikipedia.org/wiki/Arlington,_Virginia https://en.wikipedia.org/wiki/United_States_Department_of_Homeland_Security
https://en.wikipedia.org/wiki/Arlington,_Virginia https://en.wikipedia.org/wiki/United_States_Department_of_Justice
https://en.wikipedia.org/wiki/Arlington,_Virginia https://en.wikipedia.org/wiki/United_States_Department_of_State
https://en.wikipedia.org/wiki/Arlington,_Virginia https://en.wikipedia.org/wiki/Accenture
https://en.wikipedia.org/wiki/Arlington,_Virginia https://en.wikipedia.org/wiki/Deloitte
https://en.wikipedia.org/wiki/Arlington,_Virginia https://en.wikipedia.org/wiki/Federal_Deposit_Insurance_Corporation
https://en.wikipedia.org/wiki/Arlington,_Virginia https://en.wikipedia.org/wiki/Booz_Allen_Hamilton
https://en.wikipedia.org/wiki/Arlington,_Virginia https://en.wikipedia.org/wiki/Corporate_Executive_Board
https://en.wikipedia.org/wiki/Arlington,_Virginia https://en.wikipedia.org/wiki/Bloomberg_BNA
https://en.wikipedia.org/wiki/Arlington,_Virginia https://en.wikipedia.org/wiki/Pacific_Architects_and_Engineers
https://en.wikipedia.org/wiki/Arlington,_Virginia https://en.wikipedia.org/wiki/Lockheed_Martin
https://en.wikipedia.org/wiki/Arlington,_Virginia https://en.wikipedia.org/wiki/Marriott_International
https://en.wikipedia.org/wiki/Arlington,_Virginia https://en.wikipedia.org/wiki/Arlington_Memorial_Amphitheater
https://en.wikipedia.org/wiki/Arlington,_Virginia https://en.wikipedia.org/wiki/Veterans_Day_(United_States)
https://en.wikipedia.org/wiki/Arlington,_Virginia https://en.wikipedia.org/wiki/Memorial_Day
https://en.wikipedia.org/wiki/Arlington,_Virginia https://en.wikipedia.org/wiki/Military_cemetery
https://en.wikipedia.org/wiki/Arlington,_Virginia https://en.wikipedia.org/wiki/Confederate_States_of_America
https://en.wikipedia.org/wiki/Arlington,_Virginia https://en.wikipedia.org/wiki/Mary_Lee_Fitzhugh_Custis
https://en.wikipedia.org/wiki/Arlington,_Virginia https://en.wikipedia.org/wiki/United_States_Military_Academy
https://en.wikipedia.org/wiki/Arlington,_Virginia https://en.wikipedia.org/wiki/United_States_Army
https://en.wikipedia.org/wiki/Arlington,_Virginia https://en.wikipedia.org/wiki/United_States_Secretary_of_War
https://en.wikipedia.org/wiki/Arlington,_Virginia https://en.wikipedia.org/wiki/Edwin_M._Stanton
https://en.wikipedia.org/wiki/Arlington,_Virginia https://en.wikipedia.org/wiki/American_Revolution
https://en.wikipedia.org/wiki/Arlington,_Virginia https://en.wikipedia.org/wiki/War_in_Afghanistan_(2001%E2%80%93present)
https://en.wikipedia.org/wiki/Arlington,_Virginia https://en.wikipedia.org/wiki/2003_invasion_of_Iraq
https://en.wikipedia.org/wiki/Arlington,_Virginia https://en.wikipedia.org/wiki/Tomb_of_the_Unknowns
https://en.wikipedia.org/wiki/Arlington,_Virginia https://en.wikipedia.org/wiki/Tomb_of_the_Unknown_Soldier
https://en.wikipedia.org/wiki/Arlington,_Virginia https://en.wikipedia.org/wiki/John_F._Kennedy
https://en.wikipedia.org/wiki/Arlington,_Virginia https://en.wikipedia.org/wiki/Jacqueline_Kennedy_Onassis
https://en.wikipedia.org/wiki/Arlington,_Virginia https://en.wikipedia.org/wiki/Robert_F._Kennedy
https://en.wikipedia.org/wiki/Arlington,_Virginia https://en.wikipedia.org/wiki/Ted_Kennedy
https://en.wikipedia.org/wiki/Arlington,_Virginia https://en.wikipedia.org/wiki/William_Howard_Taft
https://en.wikipedia.org/wiki/Arlington,_Virginia https://en.wikipedia.org/wiki/Chief_Justice_of_the_United_States
https://en.wikipedia.org/wiki/Arlington,_Virginia https://en.wikipedia.org/wiki/Women_in_Military_Service_for_America_Memorial
https://en.wikipedia.org/wiki/Arlington,_Virginia https://en.wikipedia.org/wiki/Fort_Myer
https://en.wikipedia.org/wiki/Arlington,_Virginia https://en.wikipedia.org/wiki/Washington_Monument
https://en.wikipedia.org/wiki/Arlington,_Virginia https://en.wikipedia.org/wiki/ZIP_code
https://en.wikipedia.org/wiki/Arlington,_Virginia https://en.wikipedia.org/wiki/Pentagon
https://en.wikipedia.org/wiki/Arlington,_Virginia https://en.wikipedia.org/wiki/United_States_Pentagon_Police
https://en.wikipedia.org/wiki/Arlington,_Virginia https://en.wikipedia.org/wiki/World_War_II
https://en.wikipedia.org/wiki/Arlington,_Virginia https://en.wikipedia.org/wiki/Ground_zero
https://en.wikipedia.org/wiki/Arlington,_Virginia https://en.wikipedia.org/wiki/Cold_War
https://en.wikipedia.org/wiki/Arlington,_Virginia https://en.wikipedia.org/wiki/Nuclear_weapons_delivery
https://en.wikipedia.org/wiki/Arlington,_Virginia https://en.wikipedia.org/wiki/Henry_G._Shirley_Memorial_Highway
https://en.wikipedia.org/wiki/Arlington,_Virginia https://en.wikipedia.org/wiki/Woodbridge,_Virginia
https://en.wikipedia.org/wiki/Arlington,_Virginia https://en.wikipedia.org/wiki/Streets_and_highways_of_Arlington_County,_Virginia
https://en.wikipedia.org/wiki/Arlington,_Virginia https://en.wikipedia.org/wiki/Arlington_County,_Virginia,_street-naming_system
https://en.wikipedia.org/wiki/Arlington,_Virginia https://en.wikipedia.org/wiki/Interstate_Highway_System
https://en.wikipedia.org/wiki/Arlington,_Virginia https://en.wikipedia.org/wiki/Interstate_66
https://en.wikipedia.org/wiki/Arlington,_Virginia https://en.wikipedia.org/wiki/High-occupancy_vehicle_lane
https://en.wikipedia.org/wiki/Arlington,_Virginia https://en.wikipedia.org/wiki/George_Washington_Memorial_Parkway
https://en.wikipedia.org/wiki/Arlington,_Virginia https://en.wikipedia.org/wiki/Rail_trail
https://en.wikipedia.org/wiki/Arlington,_Virginia https://en.wikipedia.org/wiki/Four_Mile_Run_Trail
https://en.wikipedia.org/wiki/Arlington,_Virginia https://en.wikipedia.org/wiki/Custis_Trail
https://en.wikipedia.org/wiki/Arlington,_Virginia https://en.wikipedia.org/wiki/Washington_%26_Old_Dominion_Railroad_Regional_Park
https://en.wikipedia.org/wiki/Arlington,_Virginia https://en.wikipedia.org/wiki/Mount_Vernon_Trail
https://en.wikipedia.org/wiki/Arlington,_Virginia https://en.wikipedia.org/wiki/League_of_American_Bicyclists
https://en.wikipedia.org/wiki/Arlington,_Virginia https://en.wikipedia.org/wiki/Blue_Line_(Washington_Metro)
https://en.wikipedia.org/wiki/Arlington,_Virginia https://en.wikipedia.org/wiki/Yellow_Line_(Washington_Metro)
https://en.wikipedia.org/wiki/Arlington,_Virginia https://en.wikipedia.org/wiki/Silver_Line_(Washington_Metro)
https://en.wikipedia.org/wiki/Arlington,_Virginia https://en.wikipedia.org/wiki/Brutalist_architecture
https://en.wikipedia.org/wiki/Arlington,_Virginia https://en.wikipedia.org/wiki/Virginia_Railway_Express
https://en.wikipedia.org/wiki/Arlington,_Virginia https://en.wikipedia.org/wiki/Fairfax_Connector
https://en.wikipedia.org/wiki/Arlington,_Virginia https://en.wikipedia.org/wiki/Potomac_and_Rappahannock_Transportation_Commission
https://en.wikipedia.org/wiki/Arlington,_Virginia https://en.wikipedia.org/wiki/DASH_(bus)
https://en.wikipedia.org/wiki/Arlington,_Virginia https://en.wikipedia.org/wiki/Arlington_Transit
https://en.wikipedia.org/wiki/Arlington,_Virginia https://en.wikipedia.org/wiki/Metroway
https://en.wikipedia.org/wiki/Arlington,_Virginia https://en.wikipedia.org/wiki/Bus_rapid_transit
https://en.wikipedia.org/wiki/Arlington,_Virginia https://en.wikipedia.org/wiki/Pentagon_City_(Washington_Metro)
https://en.wikipedia.org/wiki/Arlington,_Virginia https://en.wikipedia.org/wiki/Cond%C3%A9_Nast_Traveler
https://en.wikipedia.org/wiki/Arlington,_Virginia https://en.wikipedia.org/wiki/Washington_Dulles_International_Airport
https://en.wikipedia.org/wiki/Arlington,_Virginia https://en.wikipedia.org/wiki/Baltimore-Washington_International_Thurgood_Marshall_Airport
https://en.wikipedia.org/wiki/Arlington,_Virginia https://en.wikipedia.org/wiki/Anne_Arundel_County,_Maryland
https://en.wikipedia.org/wiki/Arlington,_Virginia https://en.wikipedia.org/wiki/Hybrid_taxi
https://en.wikipedia.org/wiki/Arlington,_Virginia https://en.wikipedia.org/wiki/EnviroCAB
https://en.wikipedia.org/wiki/Arlington,_Virginia https://en.wikipedia.org/wiki/Hybrid_electric_vehicle
https://en.wikipedia.org/wiki/Arlington,_Virginia https://en.wikipedia.org/wiki/Green_transport
https://en.wikipedia.org/wiki/Arlington,_Virginia https://en.wikipedia.org/wiki/Greenhouse_gases
https://en.wikipedia.org/wiki/Arlington,_Virginia https://en.wikipedia.org/wiki/Arlington_Public_Schools
https://en.wikipedia.org/wiki/Arlington,_Virginia https://en.wikipedia.org/wiki/Middle_Schools_of_Arlington_County,_Virginia#Gunston_Middle_School
https://en.wikipedia.org/wiki/Arlington,_Virginia https://en.wikipedia.org/wiki/Middle_Schools_of_Arlington_County,_Virginia#Kenmore_Middle_School
https://en.wikipedia.org/wiki/Arlington,_Virginia https://en.wikipedia.org/wiki/Middle_Schools_of_Arlington_County,_Virginia#Swanson_Middle_School
https://en.wikipedia.org/wiki/Arlington,_Virginia https://en.wikipedia.org/wiki/Middle_Schools_of_Arlington_County,_Virginia#Thomas_Jefferson_Middle_School
https://en.wikipedia.org/wiki/Arlington,_Virginia https://en.wikipedia.org/wiki/Middle_Schools_of_Arlington_County,_Virginia#Williamsburg_Middle_School
https://en.wikipedia.org/wiki/Arlington,_Virginia https://en.wikipedia.org/wiki/Wakefield_High_School_(Arlington_County,_Virginia)
https://en.wikipedia.org/wiki/Arlington,_Virginia https://en.wikipedia.org/wiki/Washington-Lee_High_School
https://en.wikipedia.org/wiki/Arlington,_Virginia https://en.wikipedia.org/wiki/Yorktown_High_School_(Virginia)
https://en.wikipedia.org/wiki/Arlington,_Virginia https://en.wikipedia.org/wiki/H-B_Woodlawn
https://en.wikipedia.org/wiki/Arlington,_Virginia https://en.wikipedia.org/wiki/Thomas_Jefferson_High_School_for_Science_and_Technology
https://en.wikipedia.org/wiki/Arlington,_Virginia https://en.wikipedia.org/wiki/Roman_Catholic_Diocese_of_Arlington
https://en.wikipedia.org/wiki/Arlington,_Virginia https://en.wikipedia.org/wiki/Bishop_Denis_J._O%27Connell_High_School
https://en.wikipedia.org/wiki/Arlington,_Virginia https://en.wikipedia.org/wiki/Religious_of_the_Sacred_Heart_of_Mary
https://en.wikipedia.org/wiki/Arlington,_Virginia https://en.wikipedia.org/wiki/George_Mason_University#Arlington
https://en.wikipedia.org/wiki/Arlington,_Virginia https://en.wikipedia.org/wiki/Virginia_Square
https://en.wikipedia.org/wiki/Arlington,_Virginia https://en.wikipedia.org/wiki/Virginia_Polytechnic_Institute_and_State_University
https://en.wikipedia.org/wiki/Arlington,_Virginia https://en.wikipedia.org/wiki/McIntire_School_of_Commerce
https://en.wikipedia.org/wiki/Arlington,_Virginia https://en.wikipedia.org/wiki/University_of_Virginia_Darden_School_of_Business
https://en.wikipedia.org/wiki/Arlington,_Virginia https://en.wikipedia.org/wiki/Institute_for_the_Psychological_Sciences
https://en.wikipedia.org/wiki/Arlington,_Virginia https://en.wikipedia.org/wiki/John_Leland_Center_for_Theological_Studies
https://en.wikipedia.org/wiki/Arlington,_Virginia https://en.wikipedia.org/wiki/University_of_Management_and_Technology_(United_States)
https://en.wikipedia.org/wiki/Arlington,_Virginia https://en.wikipedia.org/wiki/The_Art_Institute_of_Washington
https://en.wikipedia.org/wiki/Arlington,_Virginia https://en.wikipedia.org/wiki/DeVry_University
https://en.wikipedia.org/wiki/Arlington,_Virginia https://en.wikipedia.org/wiki/Strayer_University
https://en.wikipedia.org/wiki/Arlington,_Virginia https://en.wikipedia.org/wiki/Argosy_University
https://en.wikipedia.org/wiki/Arlington,_Virginia https://en.wikipedia.org/wiki/The_Chubb_Institute
https://en.wikipedia.org/wiki/Arlington,_Virginia https://en.wikipedia.org/wiki/Everest_College
https://en.wikipedia.org/wiki/Arlington,_Virginia https://en.wikipedia.org/wiki/The_George_Washington_University
https://en.wikipedia.org/wiki/Arlington,_Virginia https://en.wikipedia.org/wiki/Georgetown_University
https://en.wikipedia.org/wiki/Arlington,_Virginia https://en.wikipedia.org/wiki/Northern_Virginia_Community_College
https://en.wikipedia.org/wiki/Arlington,_Virginia https://en.wikipedia.org/wiki/Troy_University
https://en.wikipedia.org/wiki/Arlington,_Virginia https://en.wikipedia.org/wiki/University_of_New_Haven
https://en.wikipedia.org/wiki/Arlington,_Virginia https://en.wikipedia.org/wiki/University_of_Oklahoma
https://en.wikipedia.org/wiki/Arlington,_Virginia https://en.wikipedia.org/wiki/Westwood_College_of_Technology
https://en.wikipedia.org/wiki/Arlington,_Virginia https://en.wikipedia.org/wiki/Twin_towns_and_sister_cities
https://en.wikipedia.org/wiki/Arlington,_Virginia https://en.wikipedia.org/wiki/Sister_Cities_International
https://en.wikipedia.org/wiki/Arlington,_Virginia https://en.wikipedia.org/wiki/Coyoac%C3%A1n
https://en.wikipedia.org/wiki/Arlington,_Virginia https://en.wikipedia.org/wiki/Mexico
https://en.wikipedia.org/wiki/Arlington,_Virginia https://en.wikipedia.org/wiki/Aachen
https://en.wikipedia.org/wiki/Arlington,_Virginia https://en.wikipedia.org/wiki/Germany
https://en.wikipedia.org/wiki/Arlington,_Virginia https://en.wikipedia.org/wiki/Reims
https://en.wikipedia.org/wiki/Arlington,_Virginia https://en.wikipedia.org/wiki/France
https://en.wikipedia.org/wiki/Arlington,_Virginia https://en.wikipedia.org/wiki/El_Salvador
https://en.wikipedia.org/wiki/Arlington,_Virginia https://en.wikipedia.org/wiki/Ivano-Frankivsk
https://en.wikipedia.org/wiki/Arlington,_Virginia https://en.wikipedia.org/wiki/Ukraine
https://en.wikipedia.org/wiki/Arlington,_Virginia https://en.wikipedia.org/wiki/List_of_people_from_Arlington,_Virginia
https://en.wikipedia.org/wiki/Arlington,_Virginia https://en.wikipedia.org/wiki/Jim_Morrison
https://en.wikipedia.org/wiki/Arlington,_Virginia https://en.wikipedia.org/wiki/Al_Gore
https://en.wikipedia.org/wiki/Arlington,_Virginia https://en.wikipedia.org/wiki/George_S._Patton
https://en.wikipedia.org/wiki/Arlington,_Virginia https://en.wikipedia.org/wiki/John_Glenn
https://en.wikipedia.org/wiki/Arlington,_Virginia https://en.wikipedia.org/wiki/Warren_Beatty
https://en.wikipedia.org/wiki/Arlington,_Virginia https://en.wikipedia.org/wiki/Sandra_Bullock
https://en.wikipedia.org/wiki/Arlington,_Virginia https://en.wikipedia.org/wiki/Shirley_MacLaine
https://en.wikipedia.org/wiki/Arlington,_Virginia https://en.wikipedia.org/wiki/Katie_Couric
https://en.wikipedia.org/wiki/Arlington,_Virginia https://en.wikipedia.org/wiki/Roberta_Flack
https://en.wikipedia.org/wiki/Arlington,_Virginia https://en.wikipedia.org/wiki/Zac_Hanson
https://en.wikipedia.org/wiki/Arlington,_Virginia https://en.wikipedia.org/wiki/Patch_Adams
https://en.wikipedia.org/wiki/Arlington,_Virginia https://en.wikipedia.org/wiki/Grace_Hopper
https://en.wikipedia.org/wiki/Arlington,_Virginia https://en.wikipedia.org/wiki/USS_Arlington_(LPD-24)
https://en.wikipedia.org/wiki/Arlington,_Virginia https://en.wikipedia.org/wiki/Arlington_Hall
https://en.wikipedia.org/wiki/Arlington,_Virginia https://en.wikipedia.org/wiki/Arlington_Independent_Media
https://en.wikipedia.org/wiki/Arlington,_Virginia https://en.wikipedia.org/wiki/List_of_people_from_the_Washington,_D.C._metropolitan_area
https://en.wikipedia.org/wiki/Arlington,_Virginia https://en.wikipedia.org/wiki/National_Register_of_Historic_Places_listings_in_Arlington_County,_Virginia
https://en.wikipedia.org/wiki/Arlington,_Virginia https://en.wikipedia.org/wiki/List_of_tallest_buildings_in_Arlington,_Virginia
https://en.wikipedia.org/wiki/Arlington,_Virginia https://en.wikipedia.org/wiki/Northwest,_Washington,_D.C.
https://en.wikipedia.org/wiki/Arlington,_Virginia https://en.wikipedia.org/wiki/WhiteHouse.gov
https://en.wikipedia.org/wiki/Arlington,_Virginia https://en.wikipedia.org/wiki/American_City_Business_Journals
https://en.wikipedia.org/wiki/Arlington,_Virginia https://en.wikipedia.org/wiki/American_Bar_Association
https://en.wikipedia.org/wiki/Arlington,_Virginia https://en.wikipedia.org/wiki/Historical_Society_of_Washington,_D.C.
https://en.wikipedia.org/wiki/Arlington,_Virginia https://en.wikipedia.org/wiki/John_William_Wallace
https://en.wikipedia.org/wiki/Arlington,_Virginia https://en.wikipedia.org/wiki/National_Oceanic_and_Atmospheric_Administration
https://en.wikipedia.org/wiki/Arlington,_Virginia https://en.wikipedia.org/wiki/The_Washington_Post
https://en.wikipedia.org/wiki/Arlington,_Virginia https://en.wikipedia.org/wiki/NerdWallet.com
https://en.wikipedia.org/wiki/Arlington,_Virginia https://en.wikipedia.org/wiki/WETA-TV
https://en.wikipedia.org/wiki/Arlington,_Virginia https://en.wikipedia.org/wiki/Random_House
https://en.wikipedia.org/wiki/Arlington,_Virginia https://en.wikipedia.org/wiki/Colorado_Springs,_Colorado
https://en.wikipedia.org/wiki/Arlington,_Virginia https://en.wikipedia.org/wiki/United_States_Air_Force_Academy
https://en.wikipedia.org/wiki/Arlington,_Virginia https://en.wikipedia.org/wiki/Unincorporated_area
https://en.wikipedia.org/wiki/Arlington,_Virginia https://en.wikipedia.org/wiki/Arlington_Forest_Historic_District
https://en.wikipedia.org/wiki/Arlington,_Virginia https://en.wikipedia.org/wiki/Arlington_Heights_Historic_District
https://en.wikipedia.org/wiki/Arlington,_Virginia https://en.wikipedia.org/wiki/Arlington_Ridge,_Virginia
https://en.wikipedia.org/wiki/Arlington,_Virginia https://en.wikipedia.org/wiki/Arlington_Village_Historic_District_(Arlington,_Virginia)
https://en.wikipedia.org/wiki/Arlington,_Virginia https://en.wikipedia.org/wiki/Ashton_Heights_Historic_District
https://en.wikipedia.org/wiki/Arlington,_Virginia https://en.wikipedia.org/wiki/Cherrydale,_Arlington,_Virginia
https://en.wikipedia.org/wiki/Arlington,_Virginia https://en.wikipedia.org/wiki/Cherrydale_Historic_District
https://en.wikipedia.org/wiki/Arlington,_Virginia https://en.wikipedia.org/wiki/Colonial_Village_(Arlington,_Virginia)
https://en.wikipedia.org/wiki/Arlington,_Virginia https://en.wikipedia.org/wiki/Columbia_Forest_Historic_District
https://en.wikipedia.org/wiki/Arlington,_Virginia https://en.wikipedia.org/wiki/Glebewood_Village_Historic_District
https://en.wikipedia.org/wiki/Arlington,_Virginia https://en.wikipedia.org/wiki/Glencarlyn_Historic_District
https://en.wikipedia.org/wiki/Arlington,_Virginia https://en.wikipedia.org/wiki/Highland_Park-Overlee_Knolls
https://en.wikipedia.org/wiki/Arlington,_Virginia https://en.wikipedia.org/wiki/Lee_Gardens_North_Historic_District
https://en.wikipedia.org/wiki/Arlington,_Virginia https://en.wikipedia.org/wiki/Lyon_Park_Historic_District
https://en.wikipedia.org/wiki/Arlington,_Virginia https://en.wikipedia.org/wiki/Maywood_Historic_District
https://en.wikipedia.org/wiki/Arlington,_Virginia https://en.wikipedia.org/wiki/Monroe_Courts_Historic_District
https://en.wikipedia.org/wiki/Arlington,_Virginia https://en.wikipedia.org/wiki/Pentagon_City
https://en.wikipedia.org/wiki/Arlington,_Virginia https://en.wikipedia.org/wiki/Virginia_Heights_Historic_District
https://en.wikipedia.org/wiki/Arlington,_Virginia https://en.wikipedia.org/wiki/Maryland
https://en.wikipedia.org/wiki/Arlington,_Virginia https://en.wikipedia.org/wiki/DC_metropolitan_area
https://en.wikipedia.org/wiki/Arlington,_Virginia https://en.wikipedia.org/wiki/Silver_Spring,_Maryland
https://en.wikipedia.org/wiki/Arlington,_Virginia https://en.wikipedia.org/wiki/Frederick,_Maryland
https://en.wikipedia.org/wiki/Arlington,_Virginia https://en.wikipedia.org/wiki/Rockville,_Maryland
https://en.wikipedia.org/wiki/Arlington,_Virginia https://en.wikipedia.org/wiki/Bethesda,_Maryland
https://en.wikipedia.org/wiki/Arlington,_Virginia https://en.wikipedia.org/wiki/Gaithersburg,_Maryland
https://en.wikipedia.org/wiki/Arlington,_Virginia https://en.wikipedia.org/wiki/Reston,_Virginia
https://en.wikipedia.org/wiki/Arlington,_Virginia https://en.wikipedia.org/wiki/Calvert_County,_Maryland
https://en.wikipedia.org/wiki/Arlington,_Virginia https://en.wikipedia.org/wiki/Frederick_County,_Maryland
https://en.wikipedia.org/wiki/Arlington,_Virginia https://en.wikipedia.org/wiki/Montgomery_County,_Maryland
https://en.wikipedia.org/wiki/Arlington,_Virginia https://en.wikipedia.org/wiki/Jefferson_County,_West_Virginia
https://en.wikipedia.org/wiki/Arlington,_Virginia https://en.wikipedia.org/wiki/Independent_city_(Virginia)
https://en.wikipedia.org/wiki/Arlington,_Virginia https://en.wikipedia.org/wiki/County-equivalent
https://en.wikipedia.org/wiki/Arlington,_Virginia https://en.wikipedia.org/wiki/Index_of_Virginia-related_articles
https://en.wikipedia.org/wiki/Arlington,_Virginia https://en.wikipedia.org/wiki/Administrative_divisions_of_Virginia
https://en.wikipedia.org/wiki/Arlington,_Virginia https://en.wikipedia.org/wiki/Climate_of_Virginia
https://en.wikipedia.org/wiki/Arlington,_Virginia https://en.wikipedia.org/wiki/List_of_colleges_and_universities_in_Virginia
https://en.wikipedia.org/wiki/Arlington,_Virginia https://en.wikipedia.org/wiki/Virginia%27s_congressional_districts
https://en.wikipedia.org/wiki/Arlington,_Virginia https://en.wikipedia.org/wiki/United_States_congressional_delegations_from_Virginia
https://en.wikipedia.org/wiki/Arlington,_Virginia https://en.wikipedia.org/wiki/List_of_United_States_Senators_from_Virginia
https://en.wikipedia.org/wiki/Arlington,_Virginia https://en.wikipedia.org/wiki/List_of_United_States_Representatives_from_Virginia
https://en.wikipedia.org/wiki/Arlington,_Virginia https://en.wikipedia.org/wiki/Environment_of_Virginia
https://en.wikipedia.org/wiki/Arlington,_Virginia https://en.wikipedia.org/wiki/Virginia_furniture
https://en.wikipedia.org/wiki/Arlington,_Virginia https://en.wikipedia.org/wiki/Government_of_Virginia
https://en.wikipedia.org/wiki/Arlington,_Virginia https://en.wikipedia.org/wiki/History_of_Virginia
https://en.wikipedia.org/wiki/Arlington,_Virginia https://en.wikipedia.org/wiki/List_of_National_Historic_Landmarks_in_Virginia
https://en.wikipedia.org/wiki/Arlington,_Virginia https://en.wikipedia.org/wiki/Law_of_Virginia
https://en.wikipedia.org/wiki/Arlington,_Virginia https://en.wikipedia.org/wiki/Historic_houses_in_Virginia
https://en.wikipedia.org/wiki/Arlington,_Virginia https://en.wikipedia.org/wiki/Music_of_Virginia
https://en.wikipedia.org/wiki/Arlington,_Virginia https://en.wikipedia.org/wiki/List_of_people_from_Virginia
https://en.wikipedia.org/wiki/Arlington,_Virginia https://en.wikipedia.org/wiki/Virginia_Declaration_of_Rights
https://en.wikipedia.org/wiki/Arlington,_Virginia https://en.wikipedia.org/wiki/List_of_rivers_of_Virginia
https://en.wikipedia.org/wiki/Arlington,_Virginia https://en.wikipedia.org/wiki/Scouting_in_Virginia
https://en.wikipedia.org/wiki/Arlington,_Virginia https://en.wikipedia.org/wiki/Virginia_is_for_Lovers
https://en.wikipedia.org/wiki/Arlington,_Virginia https://en.wikipedia.org/wiki/List_of_professional_sports_teams_in_Virginia
https://en.wikipedia.org/wiki/Arlington,_Virginia https://en.wikipedia.org/wiki/State_Fair_of_Virginia
https://en.wikipedia.org/wiki/Arlington,_Virginia https://en.wikipedia.org/wiki/List_of_Virginia_state_parks
https://en.wikipedia.org/wiki/Arlington,_Virginia https://en.wikipedia.org/wiki/List_of_Virginia_state_symbols
https://en.wikipedia.org/wiki/Arlington,_Virginia https://en.wikipedia.org/wiki/Transportation_in_Virginia
https://en.wikipedia.org/wiki/Arlington,_Virginia https://en.wikipedia.org/wiki/Native_American_tribes_in_Virginia
https://en.wikipedia.org/wiki/Arlington,_Virginia https://en.wikipedia.org/wiki/Flag_and_seal_of_Virginia
https://en.wikipedia.org/wiki/Arlington,_Virginia https://en.wikipedia.org/wiki/Culture_of_Virginia
https://en.wikipedia.org/wiki/Arlington,_Virginia https://en.wikipedia.org/wiki/Crime_in_Virginia
https://en.wikipedia.org/wiki/Arlington,_Virginia https://en.wikipedia.org/wiki/Demographics_of_Virginia
https://en.wikipedia.org/wiki/Arlington,_Virginia https://en.wikipedia.org/wiki/Economy_of_Virginia
https://en.wikipedia.org/wiki/Arlington,_Virginia https://en.wikipedia.org/wiki/Education_in_Virginia
https://en.wikipedia.org/wiki/Arlington,_Virginia https://en.wikipedia.org/wiki/List_of_newspapers_in_Virginia
https://en.wikipedia.org/wiki/Arlington,_Virginia https://en.wikipedia.org/wiki/List_of_radio_stations_in_Virginia
https://en.wikipedia.org/wiki/Arlington,_Virginia https://en.wikipedia.org/wiki/List_of_television_stations_in_Virginia
https://en.wikipedia.org/wiki/Arlington,_Virginia https://en.wikipedia.org/wiki/Politics_of_Virginia
https://en.wikipedia.org/wiki/Arlington,_Virginia https://en.wikipedia.org/wiki/List_of_regions_of_the_United_States#Virginia
https://en.wikipedia.org/wiki/Arlington,_Virginia https://en.wikipedia.org/wiki/Allegheny_Mountains
https://en.wikipedia.org/wiki/Arlington,_Virginia https://en.wikipedia.org/wiki/Atlantic_coastal_plain
https://en.wikipedia.org/wiki/Arlington,_Virginia https://en.wikipedia.org/wiki/Blue_Ridge_Mountains
https://en.wikipedia.org/wiki/Arlington,_Virginia https://en.wikipedia.org/wiki/Chesapeake_Bay
https://en.wikipedia.org/wiki/Arlington,_Virginia https://en.wikipedia.org/wiki/Cumberland_Mountains
https://en.wikipedia.org/wiki/Arlington,_Virginia https://en.wikipedia.org/wiki/Delmarva_Peninsula
https://en.wikipedia.org/wiki/Arlington,_Virginia https://en.wikipedia.org/wiki/Eastern_Shore_of_Virginia
https://en.wikipedia.org/wiki/Arlington,_Virginia https://en.wikipedia.org/wiki/Middle_Peninsula
https://en.wikipedia.org/wiki/Arlington,_Virginia https://en.wikipedia.org/wiki/Northern_Neck
https://en.wikipedia.org/wiki/Arlington,_Virginia https://en.wikipedia.org/wiki/Piedmont_region_of_Virginia
https://en.wikipedia.org/wiki/Arlington,_Virginia https://en.wikipedia.org/wiki/Ridge-and-Valley_Appalachians
https://en.wikipedia.org/wiki/Arlington,_Virginia https://en.wikipedia.org/wiki/Shenandoah_Valley
https://en.wikipedia.org/wiki/Arlington,_Virginia https://en.wikipedia.org/wiki/South_Hampton_Roads
https://en.wikipedia.org/wiki/Arlington,_Virginia https://en.wikipedia.org/wiki/Southside_(Virginia)
https://en.wikipedia.org/wiki/Arlington,_Virginia https://en.wikipedia.org/wiki/Southwest_Virginia
https://en.wikipedia.org/wiki/Arlington,_Virginia https://en.wikipedia.org/wiki/Tennessee_Valley
https://en.wikipedia.org/wiki/Arlington,_Virginia https://en.wikipedia.org/wiki/Tidewater_region
https://en.wikipedia.org/wiki/Arlington,_Virginia https://en.wikipedia.org/wiki/Tri-Cities,_Virginia
https://en.wikipedia.org/wiki/Arlington,_Virginia https://en.wikipedia.org/wiki/Virginia_Peninsula
https://en.wikipedia.org/wiki/Arlington,_Virginia https://en.wikipedia.org/wiki/Western_Virginia
https://en.wikipedia.org/wiki/Arlington,_Virginia https://en.wikipedia.org/wiki/Virginia_statistical_areas
https://en.wikipedia.org/wiki/Arlington,_Virginia https://en.wikipedia.org/wiki/Blacksburg%E2%80%93Christiansburg%E2%80%93Radford_metropolitan_area
https://en.wikipedia.org/wiki/Arlington,_Virginia https://en.wikipedia.org/wiki/Bluefield_micropolitan_area
https://en.wikipedia.org/wiki/Arlington,_Virginia https://en.wikipedia.org/wiki/Kingsport%E2%80%93Bristol%E2%80%93Bristol,_Tennessee-Virginia_Metropolitan_Statistical_Area
https://en.wikipedia.org/wiki/Arlington,_Virginia https://en.wikipedia.org/wiki/Charlottesville,_Virginia_metropolitan_area
https://en.wikipedia.org/wiki/Arlington,_Virginia https://en.wikipedia.org/wiki/Danville,_Virginia_micropolitan_area
https://en.wikipedia.org/wiki/Arlington,_Virginia https://en.wikipedia.org/wiki/Harrisonburg,_Virginia_metropolitan_area
https://en.wikipedia.org/wiki/Arlington,_Virginia https://en.wikipedia.org/wiki/Lynchburg_metropolitan_area
https://en.wikipedia.org/wiki/Arlington,_Virginia https://en.wikipedia.org/wiki/Martinsville,_Virginia_micropolitan_area
https://en.wikipedia.org/wiki/Arlington,_Virginia https://en.wikipedia.org/wiki/Greater_Richmond_Region
https://en.wikipedia.org/wiki/Arlington,_Virginia https://en.wikipedia.org/wiki/Roanoke_metropolitan_area
https://en.wikipedia.org/wiki/Arlington,_Virginia https://en.wikipedia.org/wiki/Staunton%E2%80%93Waynesboro_metropolitan_area
https://en.wikipedia.org/wiki/Arlington,_Virginia https://en.wikipedia.org/wiki/Winchester,_VA%E2%80%93WV_MSA
https://en.wikipedia.org/wiki/Arlington,_Virginia https://en.wikipedia.org/wiki/List_of_counties_in_Virginia
https://en.wikipedia.org/wiki/Arlington,_Virginia https://en.wikipedia.org/wiki/Accomack_County,_Virginia
https://en.wikipedia.org/wiki/Arlington,_Virginia https://en.wikipedia.org/wiki/Albemarle_County,_Virginia
https://en.wikipedia.org/wiki/Arlington,_Virginia https://en.wikipedia.org/wiki/Alleghany_County,_Virginia
https://en.wikipedia.org/wiki/Arlington,_Virginia https://en.wikipedia.org/wiki/Amelia_County,_Virginia
https://en.wikipedia.org/wiki/Arlington,_Virginia https://en.wikipedia.org/wiki/Amherst_County,_Virginia
https://en.wikipedia.org/wiki/Arlington,_Virginia https://en.wikipedia.org/wiki/Appomattox_County,_Virginia
https://en.wikipedia.org/wiki/Arlington,_Virginia https://en.wikipedia.org/wiki/Augusta_County,_Virginia
https://en.wikipedia.org/wiki/Arlington,_Virginia https://en.wikipedia.org/wiki/Bath_County,_Virginia
https://en.wikipedia.org/wiki/Arlington,_Virginia https://en.wikipedia.org/wiki/Bedford_County,_Virginia
https://en.wikipedia.org/wiki/Arlington,_Virginia https://en.wikipedia.org/wiki/Bland_County,_Virginia
https://en.wikipedia.org/wiki/Arlington,_Virginia https://en.wikipedia.org/wiki/Botetourt_County,_Virginia
https://en.wikipedia.org/wiki/Arlington,_Virginia https://en.wikipedia.org/wiki/Brunswick_County,_Virginia
https://en.wikipedia.org/wiki/Arlington,_Virginia https://en.wikipedia.org/wiki/Buchanan_County,_Virginia
https://en.wikipedia.org/wiki/Arlington,_Virginia https://en.wikipedia.org/wiki/Buckingham_County,_Virginia
https://en.wikipedia.org/wiki/Arlington,_Virginia https://en.wikipedia.org/wiki/Campbell_County,_Virginia
https://en.wikipedia.org/wiki/Arlington,_Virginia https://en.wikipedia.org/wiki/Caroline_County,_Virginia
https://en.wikipedia.org/wiki/Arlington,_Virginia https://en.wikipedia.org/wiki/Carroll_County,_Virginia
https://en.wikipedia.org/wiki/Arlington,_Virginia https://en.wikipedia.org/wiki/Charles_City_County,_Virginia
https://en.wikipedia.org/wiki/Arlington,_Virginia https://en.wikipedia.org/wiki/Charlotte_County,_Virginia
https://en.wikipedia.org/wiki/Arlington,_Virginia https://en.wikipedia.org/wiki/Chesterfield_County,_Virginia
https://en.wikipedia.org/wiki/Arlington,_Virginia https://en.wikipedia.org/wiki/Craig_County,_Virginia
https://en.wikipedia.org/wiki/Arlington,_Virginia https://en.wikipedia.org/wiki/Cumberland_County,_Virginia
https://en.wikipedia.org/wiki/Arlington,_Virginia https://en.wikipedia.org/wiki/Dickenson_County,_Virginia
https://en.wikipedia.org/wiki/Arlington,_Virginia https://en.wikipedia.org/wiki/Dinwiddie_County,_Virginia
https://en.wikipedia.org/wiki/Arlington,_Virginia https://en.wikipedia.org/wiki/Essex_County,_Virginia
https://en.wikipedia.org/wiki/Arlington,_Virginia https://en.wikipedia.org/wiki/Floyd_County,_Virginia
https://en.wikipedia.org/wiki/Arlington,_Virginia https://en.wikipedia.org/wiki/Fluvanna_County,_Virginia
https://en.wikipedia.org/wiki/Arlington,_Virginia https://en.wikipedia.org/wiki/Franklin_County,_Virginia
https://en.wikipedia.org/wiki/Arlington,_Virginia https://en.wikipedia.org/wiki/Frederick_County,_Virginia
https://en.wikipedia.org/wiki/Arlington,_Virginia https://en.wikipedia.org/wiki/Giles_County,_Virginia
https://en.wikipedia.org/wiki/Arlington,_Virginia https://en.wikipedia.org/wiki/Gloucester_County,_Virginia
https://en.wikipedia.org/wiki/Arlington,_Virginia https://en.wikipedia.org/wiki/Goochland_County,_Virginia
https://en.wikipedia.org/wiki/Arlington,_Virginia https://en.wikipedia.org/wiki/Grayson_County,_Virginia
https://en.wikipedia.org/wiki/Arlington,_Virginia https://en.wikipedia.org/wiki/Greene_County,_Virginia
https://en.wikipedia.org/wiki/Arlington,_Virginia https://en.wikipedia.org/wiki/Greensville_County,_Virginia
https://en.wikipedia.org/wiki/Arlington,_Virginia https://en.wikipedia.org/wiki/Halifax_County,_Virginia
https://en.wikipedia.org/wiki/Arlington,_Virginia https://en.wikipedia.org/wiki/Hanover_County,_Virginia
https://en.wikipedia.org/wiki/Arlington,_Virginia https://en.wikipedia.org/wiki/Henrico_County,_Virginia
https://en.wikipedia.org/wiki/Arlington,_Virginia https://en.wikipedia.org/wiki/Henry_County,_Virginia
https://en.wikipedia.org/wiki/Arlington,_Virginia https://en.wikipedia.org/wiki/Highland_County,_Virginia
https://en.wikipedia.org/wiki/Arlington,_Virginia https://en.wikipedia.org/wiki/Isle_of_Wight_County,_Virginia
https://en.wikipedia.org/wiki/Arlington,_Virginia https://en.wikipedia.org/wiki/James_City_County,_Virginia
https://en.wikipedia.org/wiki/Arlington,_Virginia https://en.wikipedia.org/wiki/King_and_Queen_County,_Virginia
https://en.wikipedia.org/wiki/Arlington,_Virginia https://en.wikipedia.org/wiki/King_George_County,_Virginia
https://en.wikipedia.org/wiki/Arlington,_Virginia https://en.wikipedia.org/wiki/King_William_County,_Virginia
https://en.wikipedia.org/wiki/Arlington,_Virginia https://en.wikipedia.org/wiki/Lancaster_County,_Virginia
https://en.wikipedia.org/wiki/Arlington,_Virginia https://en.wikipedia.org/wiki/Lee_County,_Virginia
https://en.wikipedia.org/wiki/Arlington,_Virginia https://en.wikipedia.org/wiki/Louisa_County,_Virginia
https://en.wikipedia.org/wiki/Arlington,_Virginia https://en.wikipedia.org/wiki/Lunenburg_County,_Virginia
https://en.wikipedia.org/wiki/Arlington,_Virginia https://en.wikipedia.org/wiki/Madison_County,_Virginia
https://en.wikipedia.org/wiki/Arlington,_Virginia https://en.wikipedia.org/wiki/Mathews_County,_Virginia
https://en.wikipedia.org/wiki/Arlington,_Virginia https://en.wikipedia.org/wiki/Mecklenburg_County,_Virginia
https://en.wikipedia.org/wiki/Arlington,_Virginia https://en.wikipedia.org/wiki/Middlesex_County,_Virginia
https://en.wikipedia.org/wiki/Arlington,_Virginia https://en.wikipedia.org/wiki/Montgomery_County,_Virginia
https://en.wikipedia.org/wiki/Arlington,_Virginia https://en.wikipedia.org/wiki/Nelson_County,_Virginia
https://en.wikipedia.org/wiki/Arlington,_Virginia https://en.wikipedia.org/wiki/New_Kent_County,_Virginia
https://en.wikipedia.org/wiki/Arlington,_Virginia https://en.wikipedia.org/wiki/Northampton_County,_Virginia
https://en.wikipedia.org/wiki/Arlington,_Virginia https://en.wikipedia.org/wiki/Northumberland_County,_Virginia
https://en.wikipedia.org/wiki/Arlington,_Virginia https://en.wikipedia.org/wiki/Nottoway_County,_Virginia
https://en.wikipedia.org/wiki/Arlington,_Virginia https://en.wikipedia.org/wiki/Orange_County,_Virginia
https://en.wikipedia.org/wiki/Arlington,_Virginia https://en.wikipedia.org/wiki/Page_County,_Virginia
https://en.wikipedia.org/wiki/Arlington,_Virginia https://en.wikipedia.org/wiki/Patrick_County,_Virginia
https://en.wikipedia.org/wiki/Arlington,_Virginia https://en.wikipedia.org/wiki/Pittsylvania_County,_Virginia
https://en.wikipedia.org/wiki/Arlington,_Virginia https://en.wikipedia.org/wiki/Powhatan_County,_Virginia
https://en.wikipedia.org/wiki/Arlington,_Virginia https://en.wikipedia.org/wiki/Prince_Edward_County,_Virginia
https://en.wikipedia.org/wiki/Arlington,_Virginia https://en.wikipedia.org/wiki/Prince_George_County,_Virginia
https://en.wikipedia.org/wiki/Arlington,_Virginia https://en.wikipedia.org/wiki/Pulaski_County,_Virginia
https://en.wikipedia.org/wiki/Arlington,_Virginia https://en.wikipedia.org/wiki/Richmond_County,_Virginia
https://en.wikipedia.org/wiki/Arlington,_Virginia https://en.wikipedia.org/wiki/Roanoke_County,_Virginia
https://en.wikipedia.org/wiki/Arlington,_Virginia https://en.wikipedia.org/wiki/Rockbridge_County,_Virginia
https://en.wikipedia.org/wiki/Arlington,_Virginia https://en.wikipedia.org/wiki/Rockingham_County,_Virginia
https://en.wikipedia.org/wiki/Arlington,_Virginia https://en.wikipedia.org/wiki/Russell_County,_Virginia
https://en.wikipedia.org/wiki/Arlington,_Virginia https://en.wikipedia.org/wiki/Scott_County,_Virginia
https://en.wikipedia.org/wiki/Arlington,_Virginia https://en.wikipedia.org/wiki/Shenandoah_County,_Virginia
https://en.wikipedia.org/wiki/Arlington,_Virginia https://en.wikipedia.org/wiki/Smyth_County,_Virginia
https://en.wikipedia.org/wiki/Arlington,_Virginia https://en.wikipedia.org/wiki/Southampton_County,_Virginia
https://en.wikipedia.org/wiki/Arlington,_Virginia https://en.wikipedia.org/wiki/Surry_County,_Virginia
https://en.wikipedia.org/wiki/Arlington,_Virginia https://en.wikipedia.org/wiki/Sussex_County,_Virginia
https://en.wikipedia.org/wiki/Arlington,_Virginia https://en.wikipedia.org/wiki/Tazewell_County,_Virginia
https://en.wikipedia.org/wiki/Arlington,_Virginia https://en.wikipedia.org/wiki/Washington_County,_Virginia
https://en.wikipedia.org/wiki/Arlington,_Virginia https://en.wikipedia.org/wiki/Westmoreland_County,_Virginia
https://en.wikipedia.org/wiki/Arlington,_Virginia https://en.wikipedia.org/wiki/Wise_County,_Virginia
https://en.wikipedia.org/wiki/Arlington,_Virginia https://en.wikipedia.org/wiki/Wythe_County,_Virginia
https://en.wikipedia.org/wiki/Arlington,_Virginia https://en.wikipedia.org/wiki/York_County,_Virginia
https://en.wikipedia.org/wiki/Arlington,_Virginia https://en.wikipedia.org/wiki/Independent_city_(United_States)#Virginia
https://en.wikipedia.org/wiki/Arlington,_Virginia https://en.wikipedia.org/wiki/Bristol,_Virginia
https://en.wikipedia.org/wiki/Arlington,_Virginia https://en.wikipedia.org/wiki/Buena_Vista,_Virginia
https://en.wikipedia.org/wiki/Arlington,_Virginia https://en.wikipedia.org/wiki/Charlottesville,_Virginia
https://en.wikipedia.org/wiki/Arlington,_Virginia https://en.wikipedia.org/wiki/Chesapeake,_Virginia
https://en.wikipedia.org/wiki/Arlington,_Virginia https://en.wikipedia.org/wiki/Colonial_Heights,_Virginia
https://en.wikipedia.org/wiki/Arlington,_Virginia https://en.wikipedia.org/wiki/Covington,_Virginia
https://en.wikipedia.org/wiki/Arlington,_Virginia https://en.wikipedia.org/wiki/Danville,_Virginia
https://en.wikipedia.org/wiki/Arlington,_Virginia https://en.wikipedia.org/wiki/Emporia,_Virginia
https://en.wikipedia.org/wiki/Arlington,_Virginia https://en.wikipedia.org/wiki/Franklin,_Virginia
https://en.wikipedia.org/wiki/Arlington,_Virginia https://en.wikipedia.org/wiki/Galax,_Virginia
https://en.wikipedia.org/wiki/Arlington,_Virginia https://en.wikipedia.org/wiki/Hampton,_Virginia
https://en.wikipedia.org/wiki/Arlington,_Virginia https://en.wikipedia.org/wiki/Harrisonburg,_Virginia
https://en.wikipedia.org/wiki/Arlington,_Virginia https://en.wikipedia.org/wiki/Hopewell,_Virginia
https://en.wikipedia.org/wiki/Arlington,_Virginia https://en.wikipedia.org/wiki/Lexington,_Virginia
https://en.wikipedia.org/wiki/Arlington,_Virginia https://en.wikipedia.org/wiki/Lynchburg,_Virginia
https://en.wikipedia.org/wiki/Arlington,_Virginia https://en.wikipedia.org/wiki/Martinsville,_Virginia
https://en.wikipedia.org/wiki/Arlington,_Virginia https://en.wikipedia.org/wiki/Newport_News,_Virginia
https://en.wikipedia.org/wiki/Arlington,_Virginia https://en.wikipedia.org/wiki/Norfolk,_Virginia
https://en.wikipedia.org/wiki/Arlington,_Virginia https://en.wikipedia.org/wiki/Norton,_Virginia
https://en.wikipedia.org/wiki/Arlington,_Virginia https://en.wikipedia.org/wiki/Petersburg,_Virginia
https://en.wikipedia.org/wiki/Arlington,_Virginia https://en.wikipedia.org/wiki/Poquoson,_Virginia
https://en.wikipedia.org/wiki/Arlington,_Virginia https://en.wikipedia.org/wiki/Portsmouth,_Virginia
https://en.wikipedia.org/wiki/Arlington,_Virginia https://en.wikipedia.org/wiki/Radford,_Virginia
https://en.wikipedia.org/wiki/Arlington,_Virginia https://en.wikipedia.org/wiki/Roanoke,_Virginia
https://en.wikipedia.org/wiki/Arlington,_Virginia https://en.wikipedia.org/wiki/Salem,_Virginia
https://en.wikipedia.org/wiki/Arlington,_Virginia https://en.wikipedia.org/wiki/Staunton,_Virginia
https://en.wikipedia.org/wiki/Arlington,_Virginia https://en.wikipedia.org/wiki/Suffolk,_Virginia
https://en.wikipedia.org/wiki/Arlington,_Virginia https://en.wikipedia.org/wiki/Virginia_Beach,_Virginia
https://en.wikipedia.org/wiki/Arlington,_Virginia https://en.wikipedia.org/wiki/Waynesboro,_Virginia
https://en.wikipedia.org/wiki/Arlington,_Virginia https://en.wikipedia.org/wiki/Williamsburg,_Virginia
https://en.wikipedia.org/wiki/Arlington,_Virginia https://en.wikipedia.org/wiki/Winchester,_Virginia
https://en.wikipedia.org/wiki/Arlington,_Virginia https://en.wikipedia.org/wiki/Federal_district
https://en.wikipedia.org/wiki/Arlington,_Virginia https://en.wikipedia.org/wiki/List_of_capitals_in_the_United_States
https://en.wikipedia.org/wiki/Arlington,_Virginia https://en.wikipedia.org/wiki/Index_of_Washington,_D.C.-related_articles
https://en.wikipedia.org/wiki/Arlington,_Virginia https://en.wikipedia.org/wiki/Outline_of_Washington,_D.C.
https://en.wikipedia.org/wiki/Arlington,_Virginia https://en.wikipedia.org/wiki/Geography_of_Washington,_D.C.
https://en.wikipedia.org/wiki/Arlington,_Virginia https://en.wikipedia.org/wiki/Media_in_Washington,_D.C.
https://en.wikipedia.org/wiki/Arlington,_Virginia https://en.wikipedia.org/wiki/List_of_District_of_Columbia_symbols
https://en.wikipedia.org/wiki/Arlington,_Virginia https://en.wikipedia.org/wiki/Seal_of_the_District_of_Columbia
https://en.wikipedia.org/wiki/Arlington,_Virginia https://en.wikipedia.org/wiki/Government_of_the_District_of_Columbia
https://en.wikipedia.org/wiki/Arlington,_Virginia https://en.wikipedia.org/wiki/Elections_in_the_District_of_Columbia
https://en.wikipedia.org/wiki/Arlington,_Virginia https://en.wikipedia.org/wiki/Mayor_of_the_District_of_Columbia
https://en.wikipedia.org/wiki/Arlington,_Virginia https://en.wikipedia.org/wiki/Council_of_the_District_of_Columbia
https://en.wikipedia.org/wiki/Arlington,_Virginia https://en.wikipedia.org/wiki/District_of_Columbia_voting_rights
https://en.wikipedia.org/wiki/Arlington,_Virginia https://en.wikipedia.org/wiki/District_of_Columbia_home_rule
https://en.wikipedia.org/wiki/Arlington,_Virginia https://en.wikipedia.org/wiki/District_of_Columbia%27s_at-large_congressional_district
https://en.wikipedia.org/wiki/Arlington,_Virginia https://en.wikipedia.org/wiki/Shadow_congressperson
https://en.wikipedia.org/wiki/Arlington,_Virginia https://en.wikipedia.org/wiki/Initiatives_and_referendums_in_the_District_of_Columbia
https://en.wikipedia.org/wiki/Arlington,_Virginia https://en.wikipedia.org/wiki/Statehood_movement_in_the_District_of_Columbia
https://en.wikipedia.org/wiki/Arlington,_Virginia https://en.wikipedia.org/wiki/District_of_Columbia_Fire_and_Emergency_Medical_Services_Department
https://en.wikipedia.org/wiki/Arlington,_Virginia https://en.wikipedia.org/wiki/District_of_Columbia_Public_Library
https://en.wikipedia.org/wiki/Arlington,_Virginia https://en.wikipedia.org/wiki/Metropolitan_Police_Department_of_the_District_of_Columbia
https://en.wikipedia.org/wiki/Arlington,_Virginia https://en.wikipedia.org/wiki/District_of_Columbia_National_Guard
https://en.wikipedia.org/wiki/Arlington,_Virginia https://en.wikipedia.org/wiki/District_of_Columbia_Public_Schools
https://en.wikipedia.org/wiki/Arlington,_Virginia https://en.wikipedia.org/wiki/Transportation_in_Washington,_D.C.
https://en.wikipedia.org/wiki/Arlington,_Virginia https://en.wikipedia.org/wiki/District_of_Columbia_Court_of_Appeals
https://en.wikipedia.org/wiki/Arlington,_Virginia https://en.wikipedia.org/wiki/Superior_Court_of_the_District_of_Columbia
https://en.wikipedia.org/wiki/Arlington,_Virginia https://en.wikipedia.org/wiki/Culture_of_Washington,_D.C.
https://en.wikipedia.org/wiki/Arlington,_Virginia https://en.wikipedia.org/wiki/Crime_in_Washington,_D.C.
https://en.wikipedia.org/wiki/Arlington,_Virginia https://en.wikipedia.org/wiki/Demographics_of_Washington,_D.C.
https://en.wikipedia.org/wiki/Arlington,_Virginia https://en.wikipedia.org/wiki/District_of_Columbia#Economy
https://en.wikipedia.org/wiki/Arlington,_Virginia https://en.wikipedia.org/wiki/District_of_Columbia#Education
https://en.wikipedia.org/wiki/Arlington,_Virginia https://en.wikipedia.org/wiki/List_of_museums_in_Washington,_D.C.
https://en.wikipedia.org/wiki/Arlington,_Virginia https://en.wikipedia.org/wiki/Music_of_Washington,_D.C.
https://en.wikipedia.org/wiki/Arlington,_Virginia https://en.wikipedia.org/wiki/List_of_people_from_Washington,_D.C.
https://en.wikipedia.org/wiki/Arlington,_Virginia https://en.wikipedia.org/wiki/Sports_in_Washington,_D.C.
https://en.wikipedia.org/wiki/Arlington,_Virginia https://en.wikipedia.org/wiki/History_of_Washington,_D.C.
https://en.wikipedia.org/wiki/Arlington,_Virginia https://en.wikipedia.org/wiki/Timeline_of_Washington,_D.C.
https://en.wikipedia.org/wiki/Arlington,_Virginia https://en.wikipedia.org/wiki/List_of_mayors_of_Washington,_D.C.
https://en.wikipedia.org/wiki/Arlington,_Virginia https://en.wikipedia.org/wiki/Emancipation_Day#United_States
https://en.wikipedia.org/wiki/Arlington,_Virginia https://en.wikipedia.org/wiki/District_of_Columbia_Organic_Act_of_1871
https://en.wikipedia.org/wiki/Arlington,_Virginia https://en.wikipedia.org/wiki/District_of_Columbia_(until_1871)
https://en.wikipedia.org/wiki/Arlington,_Virginia https://en.wikipedia.org/wiki/Arlington_County,_Virginia#Alexandria_County,_D.C.
https://en.wikipedia.org/wiki/Arlington,_Virginia https://en.wikipedia.org/wiki/Biblioth%C3%A8que_nationale_de_France
https://en.wikipedia.org/wiki/Arlington,_Virginia https://en.wikipedia.org/wiki/Integrated_Authority_File
https://en.wikipedia.org/wiki/Arlington,_Virginia https://en.wikipedia.org/wiki/International_Standard_Name_Identifier
https://en.wikipedia.org/wiki/Arlington,_Virginia https://en.wikipedia.org/wiki/Library_of_Congress_Control_Number
https://en.wikipedia.org/wiki/Arlington,_Virginia https://en.wikipedia.org/wiki/MusicBrainz
https://en.wikipedia.org/wiki/Arlington,_Virginia https://en.wikipedia.org/wiki/National_Archives_and_Records_Administration
https://en.wikipedia.org/wiki/Arlington,_Virginia https://en.wikipedia.org/wiki/Virtual_International_Authority_File
https://en.wikipedia.org/wiki/Arlington,_Virginia https://en.wikipedia.org/wiki/WorldCat_Identities
