https://en.wikipedia.org/wiki/Central_Coast_of_California https://en.wikipedia.org/wiki/Pismo_Beach,_California
https://en.wikipedia.org/wiki/Central_Coast_of_California https://en.wikipedia.org/wiki/Salinas_River_State_Beach
https://en.wikipedia.org/wiki/Central_Coast_of_California https://en.wikipedia.org/wiki/United_States
https://en.wikipedia.org/wiki/Central_Coast_of_California https://en.wikipedia.org/wiki/Point_Mugu
https://en.wikipedia.org/wiki/Central_Coast_of_California https://en.wikipedia.org/wiki/Los_Angeles_County
https://en.wikipedia.org/wiki/Central_Coast_of_California https://en.wikipedia.org/wiki/San_Mateo_County
https://en.wikipedia.org/wiki/Central_Coast_of_California https://en.wikipedia.org/wiki/Chumash_people
https://en.wikipedia.org/wiki/Central_Coast_of_California https://en.wikipedia.org/wiki/Before_Christ
https://en.wikipedia.org/wiki/Central_Coast_of_California https://en.wikipedia.org/wiki/Morro_Creek
https://en.wikipedia.org/wiki/Central_Coast_of_California https://en.wikipedia.org/wiki/Los_Osos_Creek
https://en.wikipedia.org/wiki/Central_Coast_of_California https://en.wikipedia.org/wiki/Juan_Rodr%C3%ADguez_Cabrillo
https://en.wikipedia.org/wiki/Central_Coast_of_California https://en.wikipedia.org/wiki/Agriculture
https://en.wikipedia.org/wiki/Central_Coast_of_California https://en.wikipedia.org/wiki/Tourism
https://en.wikipedia.org/wiki/Central_Coast_of_California https://en.wikipedia.org/wiki/Wine_grapes
https://en.wikipedia.org/wiki/Central_Coast_of_California https://en.wikipedia.org/wiki/Lettuce
https://en.wikipedia.org/wiki/Central_Coast_of_California https://en.wikipedia.org/wiki/Strawberry
https://en.wikipedia.org/wiki/Central_Coast_of_California https://en.wikipedia.org/wiki/Artichoke
https://en.wikipedia.org/wiki/Central_Coast_of_California https://en.wikipedia.org/wiki/Cannery_Row
https://en.wikipedia.org/wiki/Central_Coast_of_California https://en.wikipedia.org/wiki/Monterey_Bay_Aquarium
https://en.wikipedia.org/wiki/Central_Coast_of_California https://en.wikipedia.org/wiki/Carmel-by-the-Sea
https://en.wikipedia.org/wiki/Central_Coast_of_California https://en.wikipedia.org/wiki/Pebble_Beach,_California
https://en.wikipedia.org/wiki/Central_Coast_of_California https://en.wikipedia.org/wiki/San_Simeon,_California
https://en.wikipedia.org/wiki/Central_Coast_of_California https://en.wikipedia.org/wiki/Morro_Rock
https://en.wikipedia.org/wiki/Central_Coast_of_California https://en.wikipedia.org/wiki/Buellton
https://en.wikipedia.org/wiki/Central_Coast_of_California https://en.wikipedia.org/wiki/Los_Olivos,_California
https://en.wikipedia.org/wiki/Central_Coast_of_California https://en.wikipedia.org/wiki/Santa_Ynez
https://en.wikipedia.org/wiki/Central_Coast_of_California https://en.wikipedia.org/wiki/University_of_California
https://en.wikipedia.org/wiki/Central_Coast_of_California https://en.wikipedia.org/wiki/University_of_California,_Santa_Barbara
https://en.wikipedia.org/wiki/Central_Coast_of_California https://en.wikipedia.org/wiki/University_of_California,_Santa_Cruz
https://en.wikipedia.org/wiki/Central_Coast_of_California https://en.wikipedia.org/wiki/California_State_University,_Monterey_Bay
https://en.wikipedia.org/wiki/Central_Coast_of_California https://en.wikipedia.org/wiki/Fort_Ord
https://en.wikipedia.org/wiki/Central_Coast_of_California https://en.wikipedia.org/wiki/California_Polytechnic_State_University
https://en.wikipedia.org/wiki/Central_Coast_of_California https://en.wikipedia.org/wiki/California_State_University_Channel_Islands
https://en.wikipedia.org/wiki/Central_Coast_of_California https://en.wikipedia.org/wiki/New_Mexico
https://en.wikipedia.org/wiki/Central_Coast_of_California https://en.wikipedia.org/wiki/St._Bonaventure
https://en.wikipedia.org/wiki/Central_Coast_of_California https://en.wikipedia.org/wiki/Saint_Barbara
https://en.wikipedia.org/wiki/Central_Coast_of_California https://en.wikipedia.org/wiki/Saint_Louis_of_Toulouse
https://en.wikipedia.org/wiki/Central_Coast_of_California https://en.wikipedia.org/wiki/Benedict_of_Nursia
https://en.wikipedia.org/wiki/Central_Coast_of_California https://en.wikipedia.org/wiki/Diminutive
https://en.wikipedia.org/wiki/Central_Coast_of_California https://en.wikipedia.org/wiki/Motel_Inn_of_San_Luis_Obispo
https://en.wikipedia.org/wiki/Central_Coast_of_California https://en.wikipedia.org/wiki/U.S._Route_101_(California)
https://en.wikipedia.org/wiki/Central_Coast_of_California https://en.wikipedia.org/wiki/San_Simeon
https://en.wikipedia.org/wiki/Central_Coast_of_California https://en.wikipedia.org/wiki/Amtrak
https://en.wikipedia.org/wiki/Central_Coast_of_California https://en.wikipedia.org/wiki/Coast_Starlight
https://en.wikipedia.org/wiki/Central_Coast_of_California https://en.wikipedia.org/wiki/Pacific_Surfliner
https://en.wikipedia.org/wiki/Central_Coast_of_California https://en.wikipedia.org/wiki/Union_Pacific_Railroad
https://en.wikipedia.org/wiki/Central_Coast_of_California https://en.wikipedia.org/wiki/Coast_Line_(UP)
https://en.wikipedia.org/wiki/Central_Coast_of_California https://en.wikipedia.org/wiki/Greyhound_Lines
https://en.wikipedia.org/wiki/Central_Coast_of_California https://en.wikipedia.org/wiki/Monterey-Salinas_Transit
https://en.wikipedia.org/wiki/Central_Coast_of_California https://en.wikipedia.org/wiki/Monterey_County
https://en.wikipedia.org/wiki/Central_Coast_of_California https://en.wikipedia.org/wiki/San_Jose_Diridon_Station
https://en.wikipedia.org/wiki/Central_Coast_of_California https://en.wikipedia.org/wiki/Templeton,_California
https://en.wikipedia.org/wiki/Central_Coast_of_California https://en.wikipedia.org/wiki/San_Jose_State
https://en.wikipedia.org/wiki/Central_Coast_of_California https://en.wikipedia.org/wiki/Watsonville
https://en.wikipedia.org/wiki/Central_Coast_of_California https://en.wikipedia.org/wiki/Monterey_county_attractions
https://en.wikipedia.org/wiki/Central_Coast_of_California https://en.wikipedia.org/wiki/Mission_County_proposal
https://en.wikipedia.org/wiki/Central_Coast_of_California https://en.wikipedia.org/wiki/Avila_Beach
https://en.wikipedia.org/wiki/Central_Coast_of_California https://en.wikipedia.org/wiki/Carmel-by-the-Sea,_California
https://en.wikipedia.org/wiki/Central_Coast_of_California https://en.wikipedia.org/wiki/International_Standard_Book_Number
https://en.wikipedia.org/wiki/Central_Coast_of_California https://en.wikipedia.org/wiki/United_States_Census_Bureau
https://en.wikipedia.org/wiki/Central_Coast_of_California https://en.wikipedia.org/wiki/OCLC
https://en.wikipedia.org/wiki/Central_Coast_of_California https://en.wikipedia.org/wiki/Geographic_coordinate_system
https://en.wikipedia.org/wiki/Central_Coast_of_California https://en.wikipedia.org/wiki/Santa_Maria,_California
https://en.wikipedia.org/wiki/Central_Coast_of_California https://en.wikipedia.org/wiki/Atascadero,_California
https://en.wikipedia.org/wiki/Central_Coast_of_California https://en.wikipedia.org/wiki/Goleta,_California
https://en.wikipedia.org/wiki/Central_Coast_of_California https://en.wikipedia.org/wiki/Lompoc,_California
https://en.wikipedia.org/wiki/Central_Coast_of_California https://en.wikipedia.org/wiki/Orcutt,_California
https://en.wikipedia.org/wiki/Central_Coast_of_California https://en.wikipedia.org/wiki/Seaside,_California
https://en.wikipedia.org/wiki/Central_Coast_of_California https://en.wikipedia.org/wiki/Soledad,_California
https://en.wikipedia.org/wiki/Central_Coast_of_California https://en.wikipedia.org/wiki/Watsonville,_California
https://en.wikipedia.org/wiki/Central_Coast_of_California https://en.wikipedia.org/wiki/Arroyo_Grande,_California
https://en.wikipedia.org/wiki/Central_Coast_of_California https://en.wikipedia.org/wiki/Capitola,_California
https://en.wikipedia.org/wiki/Central_Coast_of_California https://en.wikipedia.org/wiki/Carpinteria,_California
https://en.wikipedia.org/wiki/Central_Coast_of_California https://en.wikipedia.org/wiki/Greenfield,_California
https://en.wikipedia.org/wiki/Central_Coast_of_California https://en.wikipedia.org/wiki/Grover_Beach,_California
https://en.wikipedia.org/wiki/Central_Coast_of_California https://en.wikipedia.org/wiki/Isla_Vista,_California
https://en.wikipedia.org/wiki/Central_Coast_of_California https://en.wikipedia.org/wiki/Live_Oak,_Santa_Cruz_County,_California
https://en.wikipedia.org/wiki/Central_Coast_of_California https://en.wikipedia.org/wiki/Los_Osos,_California
https://en.wikipedia.org/wiki/Central_Coast_of_California https://en.wikipedia.org/wiki/Marina,_California
https://en.wikipedia.org/wiki/Central_Coast_of_California https://en.wikipedia.org/wiki/Montecito,_California
https://en.wikipedia.org/wiki/Central_Coast_of_California https://en.wikipedia.org/wiki/Morro_Bay,_California
https://en.wikipedia.org/wiki/Central_Coast_of_California https://en.wikipedia.org/wiki/Nipomo,_California
https://en.wikipedia.org/wiki/Central_Coast_of_California https://en.wikipedia.org/wiki/Pacific_Grove,_California
https://en.wikipedia.org/wiki/Central_Coast_of_California https://en.wikipedia.org/wiki/Port_Hueneme,_California
https://en.wikipedia.org/wiki/Central_Coast_of_California https://en.wikipedia.org/wiki/Prunedale,_California
https://en.wikipedia.org/wiki/Central_Coast_of_California https://en.wikipedia.org/wiki/Scotts_Valley,_California
https://en.wikipedia.org/wiki/Central_Coast_of_California https://en.wikipedia.org/wiki/Santa_Maria_Valley
https://en.wikipedia.org/wiki/Central_Coast_of_California https://en.wikipedia.org/wiki/U.S._state
https://en.wikipedia.org/wiki/Central_Coast_of_California https://en.wikipedia.org/wiki/Outline_of_California
https://en.wikipedia.org/wiki/Central_Coast_of_California https://en.wikipedia.org/wiki/Culture_of_California
https://en.wikipedia.org/wiki/Central_Coast_of_California https://en.wikipedia.org/wiki/Cuisine_of_California
https://en.wikipedia.org/wiki/Central_Coast_of_California https://en.wikipedia.org/wiki/Music_of_California
https://en.wikipedia.org/wiki/Central_Coast_of_California https://en.wikipedia.org/wiki/California_Sound
https://en.wikipedia.org/wiki/Central_Coast_of_California https://en.wikipedia.org/wiki/Sports_in_California
https://en.wikipedia.org/wiki/Central_Coast_of_California https://en.wikipedia.org/wiki/Demographics_of_California
https://en.wikipedia.org/wiki/Central_Coast_of_California https://en.wikipedia.org/wiki/List_of_earthquakes_in_California
https://en.wikipedia.org/wiki/Central_Coast_of_California https://en.wikipedia.org/wiki/Economy_of_California
https://en.wikipedia.org/wiki/Central_Coast_of_California https://en.wikipedia.org/wiki/Education_in_California
https://en.wikipedia.org/wiki/Central_Coast_of_California https://en.wikipedia.org/wiki/Environment_of_California
https://en.wikipedia.org/wiki/Central_Coast_of_California https://en.wikipedia.org/wiki/Geography_of_California
https://en.wikipedia.org/wiki/Central_Coast_of_California https://en.wikipedia.org/wiki/Climate_of_California
https://en.wikipedia.org/wiki/Central_Coast_of_California https://en.wikipedia.org/wiki/Ecology_of_California
https://en.wikipedia.org/wiki/Central_Coast_of_California https://en.wikipedia.org/wiki/California_Floristic_Province
https://en.wikipedia.org/wiki/Central_Coast_of_California https://en.wikipedia.org/wiki/Fauna_of_California
https://en.wikipedia.org/wiki/Central_Coast_of_California https://en.wikipedia.org/wiki/Government_of_California
https://en.wikipedia.org/wiki/Central_Coast_of_California https://en.wikipedia.org/wiki/California_State_Capitol
https://en.wikipedia.org/wiki/Central_Coast_of_California https://en.wikipedia.org/wiki/Districts_in_California
https://en.wikipedia.org/wiki/Central_Coast_of_California https://en.wikipedia.org/wiki/Governor_of_California
https://en.wikipedia.org/wiki/Central_Coast_of_California https://en.wikipedia.org/wiki/California_State_Legislature
https://en.wikipedia.org/wiki/Central_Coast_of_California https://en.wikipedia.org/wiki/Supreme_Court_of_California
https://en.wikipedia.org/wiki/Central_Coast_of_California https://en.wikipedia.org/wiki/Healthcare_in_California
https://en.wikipedia.org/wiki/Central_Coast_of_California https://en.wikipedia.org/wiki/History_of_California
https://en.wikipedia.org/wiki/Central_Coast_of_California https://en.wikipedia.org/wiki/Law_of_California
https://en.wikipedia.org/wiki/Central_Coast_of_California https://en.wikipedia.org/wiki/List_of_National_Historic_Landmarks_in_California
https://en.wikipedia.org/wiki/Central_Coast_of_California https://en.wikipedia.org/wiki/List_of_National_Natural_Landmarks_in_California
https://en.wikipedia.org/wiki/Central_Coast_of_California https://en.wikipedia.org/wiki/National_Register_of_Historic_Places_listings_in_California
https://en.wikipedia.org/wiki/Central_Coast_of_California https://en.wikipedia.org/wiki/Politics_of_California
https://en.wikipedia.org/wiki/Central_Coast_of_California https://en.wikipedia.org/wiki/United_States_congressional_delegations_from_California
https://en.wikipedia.org/wiki/Central_Coast_of_California https://en.wikipedia.org/wiki/Elections_in_California
https://en.wikipedia.org/wiki/Central_Coast_of_California https://en.wikipedia.org/wiki/List_of_people_from_California
https://en.wikipedia.org/wiki/Central_Coast_of_California https://en.wikipedia.org/wiki/California_protected_areas
https://en.wikipedia.org/wiki/Central_Coast_of_California https://en.wikipedia.org/wiki/List_of_California_state_parks
https://en.wikipedia.org/wiki/Central_Coast_of_California https://en.wikipedia.org/wiki/List_of_California_Historical_Landmarks
https://en.wikipedia.org/wiki/Central_Coast_of_California https://en.wikipedia.org/wiki/List_of_California_state_symbols
https://en.wikipedia.org/wiki/Central_Coast_of_California https://en.wikipedia.org/wiki/Transportation_in_California
https://en.wikipedia.org/wiki/Central_Coast_of_California https://en.wikipedia.org/wiki/Water_in_California
https://en.wikipedia.org/wiki/Central_Coast_of_California https://en.wikipedia.org/wiki/Index_of_California-related_articles
https://en.wikipedia.org/wiki/Central_Coast_of_California https://en.wikipedia.org/wiki/List_of_regions_of_California
https://en.wikipedia.org/wiki/Central_Coast_of_California https://en.wikipedia.org/wiki/Antelope_Valley
https://en.wikipedia.org/wiki/Central_Coast_of_California https://en.wikipedia.org/wiki/California_Coast_Ranges
https://en.wikipedia.org/wiki/Central_Coast_of_California https://en.wikipedia.org/wiki/Cascade_Range
https://en.wikipedia.org/wiki/Central_Coast_of_California https://en.wikipedia.org/wiki/Central_California
https://en.wikipedia.org/wiki/Central_Coast_of_California https://en.wikipedia.org/wiki/Central_Valley_(California)
https://en.wikipedia.org/wiki/Central_Coast_of_California https://en.wikipedia.org/wiki/Coachella_Valley
https://en.wikipedia.org/wiki/Central_Coast_of_California https://en.wikipedia.org/wiki/Conejo_Valley
https://en.wikipedia.org/wiki/Central_Coast_of_California https://en.wikipedia.org/wiki/Cucamonga_Valley
https://en.wikipedia.org/wiki/Central_Coast_of_California https://en.wikipedia.org/wiki/Death_Valley
https://en.wikipedia.org/wiki/Central_Coast_of_California https://en.wikipedia.org/wiki/East_Bay_(San_Francisco_Bay_Area)
https://en.wikipedia.org/wiki/Central_Coast_of_California https://en.wikipedia.org/wiki/East_County,_San_Diego
https://en.wikipedia.org/wiki/Central_Coast_of_California https://en.wikipedia.org/wiki/Eastern_California
https://en.wikipedia.org/wiki/Central_Coast_of_California https://en.wikipedia.org/wiki/Emerald_Triangle
https://en.wikipedia.org/wiki/Central_Coast_of_California https://en.wikipedia.org/wiki/Gold_Country
https://en.wikipedia.org/wiki/Central_Coast_of_California https://en.wikipedia.org/wiki/Great_Basin
https://en.wikipedia.org/wiki/Central_Coast_of_California https://en.wikipedia.org/wiki/San_Bernardino_Valley
https://en.wikipedia.org/wiki/Central_Coast_of_California https://en.wikipedia.org/wiki/Klamath_Basin
https://en.wikipedia.org/wiki/Central_Coast_of_California https://en.wikipedia.org/wiki/Lake_Tahoe
https://en.wikipedia.org/wiki/Central_Coast_of_California https://en.wikipedia.org/wiki/Greater_Los_Angeles_Area
https://en.wikipedia.org/wiki/Central_Coast_of_California https://en.wikipedia.org/wiki/Los_Angeles_Basin
https://en.wikipedia.org/wiki/Central_Coast_of_California https://en.wikipedia.org/wiki/Lost_Coast
https://en.wikipedia.org/wiki/Central_Coast_of_California https://en.wikipedia.org/wiki/Mojave_Desert
https://en.wikipedia.org/wiki/Central_Coast_of_California https://en.wikipedia.org/wiki/Mountain_Empire,_San_Diego
https://en.wikipedia.org/wiki/Central_Coast_of_California https://en.wikipedia.org/wiki/North_Bay_(San_Francisco_Bay_Area)
https://en.wikipedia.org/wiki/Central_Coast_of_California https://en.wikipedia.org/wiki/North_Coast_(California)
https://en.wikipedia.org/wiki/Central_Coast_of_California https://en.wikipedia.org/wiki/North_County_(San_Diego_area)
https://en.wikipedia.org/wiki/Central_Coast_of_California https://en.wikipedia.org/wiki/Northern_California
https://en.wikipedia.org/wiki/Central_Coast_of_California https://en.wikipedia.org/wiki/Owens_Valley
https://en.wikipedia.org/wiki/Central_Coast_of_California https://en.wikipedia.org/wiki/Peninsular_Ranges
https://en.wikipedia.org/wiki/Central_Coast_of_California https://en.wikipedia.org/wiki/Pomona_Valley
https://en.wikipedia.org/wiki/Central_Coast_of_California https://en.wikipedia.org/wiki/Sacramento_Valley
https://en.wikipedia.org/wiki/Central_Coast_of_California https://en.wikipedia.org/wiki/San_Fernando_Valley
https://en.wikipedia.org/wiki/Central_Coast_of_California https://en.wikipedia.org/wiki/San_Francisco_Bay_Area
https://en.wikipedia.org/wiki/Central_Coast_of_California https://en.wikipedia.org/wiki/San_Francisco_Peninsula
https://en.wikipedia.org/wiki/Central_Coast_of_California https://en.wikipedia.org/wiki/San_Gabriel_Valley
https://en.wikipedia.org/wiki/Central_Coast_of_California https://en.wikipedia.org/wiki/San_Joaquin_Valley
https://en.wikipedia.org/wiki/Central_Coast_of_California https://en.wikipedia.org/wiki/Santa_Clara_Valley
https://en.wikipedia.org/wiki/Central_Coast_of_California https://en.wikipedia.org/wiki/Santa_Clara_River_Valley
https://en.wikipedia.org/wiki/Central_Coast_of_California https://en.wikipedia.org/wiki/Santa_Clarita_Valley
https://en.wikipedia.org/wiki/Central_Coast_of_California https://en.wikipedia.org/wiki/Shasta_Cascade
https://en.wikipedia.org/wiki/Central_Coast_of_California https://en.wikipedia.org/wiki/Sierra_Nevada_(U.S.)
https://en.wikipedia.org/wiki/Central_Coast_of_California https://en.wikipedia.org/wiki/Silicon_Valley
https://en.wikipedia.org/wiki/Central_Coast_of_California https://en.wikipedia.org/wiki/South_Bay,_Los_Angeles
https://en.wikipedia.org/wiki/Central_Coast_of_California https://en.wikipedia.org/wiki/South_Bay,_San_Diego
https://en.wikipedia.org/wiki/Central_Coast_of_California https://en.wikipedia.org/wiki/South_Bay_(San_Francisco_Bay_Area)
https://en.wikipedia.org/wiki/Central_Coast_of_California https://en.wikipedia.org/wiki/South_Coast_(California)
https://en.wikipedia.org/wiki/Central_Coast_of_California https://en.wikipedia.org/wiki/Southern_Border_Region_(California)
https://en.wikipedia.org/wiki/Central_Coast_of_California https://en.wikipedia.org/wiki/Southern_California
https://en.wikipedia.org/wiki/Central_Coast_of_California https://en.wikipedia.org/wiki/Transverse_Ranges
https://en.wikipedia.org/wiki/Central_Coast_of_California https://en.wikipedia.org/wiki/Tri-Valley
https://en.wikipedia.org/wiki/Central_Coast_of_California https://en.wikipedia.org/wiki/Victor_Valley
https://en.wikipedia.org/wiki/Central_Coast_of_California https://en.wikipedia.org/wiki/Wine_Country_(California)
https://en.wikipedia.org/wiki/Central_Coast_of_California https://en.wikipedia.org/wiki/Metropolitan_statistical_area
https://en.wikipedia.org/wiki/Central_Coast_of_California https://en.wikipedia.org/wiki/Metropolitan_Fresno
https://en.wikipedia.org/wiki/Central_Coast_of_California https://en.wikipedia.org/wiki/Los_Angeles_metropolitan_area
https://en.wikipedia.org/wiki/Central_Coast_of_California https://en.wikipedia.org/wiki/Sacramento_metropolitan_area
https://en.wikipedia.org/wiki/Central_Coast_of_California https://en.wikipedia.org/wiki/San_Francisco_Bay_Area_Combined_Statistical_Area
https://en.wikipedia.org/wiki/Central_Coast_of_California https://en.wikipedia.org/wiki/San_Diego%E2%80%93Tijuana
https://en.wikipedia.org/wiki/Central_Coast_of_California https://en.wikipedia.org/wiki/List_of_counties_in_California
https://en.wikipedia.org/wiki/Central_Coast_of_California https://en.wikipedia.org/wiki/Alameda_County,_California
https://en.wikipedia.org/wiki/Central_Coast_of_California https://en.wikipedia.org/wiki/Alpine_County,_California
https://en.wikipedia.org/wiki/Central_Coast_of_California https://en.wikipedia.org/wiki/Amador_County,_California
https://en.wikipedia.org/wiki/Central_Coast_of_California https://en.wikipedia.org/wiki/Butte_County,_California
https://en.wikipedia.org/wiki/Central_Coast_of_California https://en.wikipedia.org/wiki/Calaveras_County,_California
https://en.wikipedia.org/wiki/Central_Coast_of_California https://en.wikipedia.org/wiki/Colusa_County,_California
https://en.wikipedia.org/wiki/Central_Coast_of_California https://en.wikipedia.org/wiki/Contra_Costa_County,_California
https://en.wikipedia.org/wiki/Central_Coast_of_California https://en.wikipedia.org/wiki/Del_Norte_County,_California
https://en.wikipedia.org/wiki/Central_Coast_of_California https://en.wikipedia.org/wiki/El_Dorado_County,_California
https://en.wikipedia.org/wiki/Central_Coast_of_California https://en.wikipedia.org/wiki/Fresno_County,_California
https://en.wikipedia.org/wiki/Central_Coast_of_California https://en.wikipedia.org/wiki/Glenn_County,_California
https://en.wikipedia.org/wiki/Central_Coast_of_California https://en.wikipedia.org/wiki/Humboldt_County,_California
https://en.wikipedia.org/wiki/Central_Coast_of_California https://en.wikipedia.org/wiki/Imperial_County,_California
https://en.wikipedia.org/wiki/Central_Coast_of_California https://en.wikipedia.org/wiki/Inyo_County,_California
https://en.wikipedia.org/wiki/Central_Coast_of_California https://en.wikipedia.org/wiki/Kern_County,_California
https://en.wikipedia.org/wiki/Central_Coast_of_California https://en.wikipedia.org/wiki/Kings_County,_California
https://en.wikipedia.org/wiki/Central_Coast_of_California https://en.wikipedia.org/wiki/Lake_County,_California
https://en.wikipedia.org/wiki/Central_Coast_of_California https://en.wikipedia.org/wiki/Lassen_County,_California
https://en.wikipedia.org/wiki/Central_Coast_of_California https://en.wikipedia.org/wiki/Los_Angeles_County,_California
https://en.wikipedia.org/wiki/Central_Coast_of_California https://en.wikipedia.org/wiki/Madera_County,_California
https://en.wikipedia.org/wiki/Central_Coast_of_California https://en.wikipedia.org/wiki/Marin_County,_California
https://en.wikipedia.org/wiki/Central_Coast_of_California https://en.wikipedia.org/wiki/Mariposa_County,_California
https://en.wikipedia.org/wiki/Central_Coast_of_California https://en.wikipedia.org/wiki/Mendocino_County,_California
https://en.wikipedia.org/wiki/Central_Coast_of_California https://en.wikipedia.org/wiki/Merced_County,_California
https://en.wikipedia.org/wiki/Central_Coast_of_California https://en.wikipedia.org/wiki/Modoc_County,_California
https://en.wikipedia.org/wiki/Central_Coast_of_California https://en.wikipedia.org/wiki/Mono_County,_California
https://en.wikipedia.org/wiki/Central_Coast_of_California https://en.wikipedia.org/wiki/Napa_County,_California
https://en.wikipedia.org/wiki/Central_Coast_of_California https://en.wikipedia.org/wiki/Nevada_County,_California
https://en.wikipedia.org/wiki/Central_Coast_of_California https://en.wikipedia.org/wiki/Orange_County,_California
https://en.wikipedia.org/wiki/Central_Coast_of_California https://en.wikipedia.org/wiki/Placer_County,_California
https://en.wikipedia.org/wiki/Central_Coast_of_California https://en.wikipedia.org/wiki/Plumas_County,_California
https://en.wikipedia.org/wiki/Central_Coast_of_California https://en.wikipedia.org/wiki/Riverside_County,_California
https://en.wikipedia.org/wiki/Central_Coast_of_California https://en.wikipedia.org/wiki/Sacramento_County,_California
https://en.wikipedia.org/wiki/Central_Coast_of_California https://en.wikipedia.org/wiki/San_Bernardino_County,_California
https://en.wikipedia.org/wiki/Central_Coast_of_California https://en.wikipedia.org/wiki/San_Diego_County,_California
https://en.wikipedia.org/wiki/Central_Coast_of_California https://en.wikipedia.org/wiki/San_Joaquin_County,_California
https://en.wikipedia.org/wiki/Central_Coast_of_California https://en.wikipedia.org/wiki/San_Mateo_County,_California
https://en.wikipedia.org/wiki/Central_Coast_of_California https://en.wikipedia.org/wiki/Santa_Clara_County,_California
https://en.wikipedia.org/wiki/Central_Coast_of_California https://en.wikipedia.org/wiki/Shasta_County,_California
https://en.wikipedia.org/wiki/Central_Coast_of_California https://en.wikipedia.org/wiki/Sierra_County,_California
https://en.wikipedia.org/wiki/Central_Coast_of_California https://en.wikipedia.org/wiki/Siskiyou_County,_California
https://en.wikipedia.org/wiki/Central_Coast_of_California https://en.wikipedia.org/wiki/Solano_County,_California
https://en.wikipedia.org/wiki/Central_Coast_of_California https://en.wikipedia.org/wiki/Sonoma_County,_California
https://en.wikipedia.org/wiki/Central_Coast_of_California https://en.wikipedia.org/wiki/Stanislaus_County,_California
https://en.wikipedia.org/wiki/Central_Coast_of_California https://en.wikipedia.org/wiki/Sutter_County,_California
https://en.wikipedia.org/wiki/Central_Coast_of_California https://en.wikipedia.org/wiki/Tehama_County,_California
https://en.wikipedia.org/wiki/Central_Coast_of_California https://en.wikipedia.org/wiki/Trinity_County,_California
https://en.wikipedia.org/wiki/Central_Coast_of_California https://en.wikipedia.org/wiki/Tulare_County,_California
https://en.wikipedia.org/wiki/Central_Coast_of_California https://en.wikipedia.org/wiki/Tuolumne_County,_California
https://en.wikipedia.org/wiki/Central_Coast_of_California https://en.wikipedia.org/wiki/Yolo_County,_California
https://en.wikipedia.org/wiki/Central_Coast_of_California https://en.wikipedia.org/wiki/Yuba_County,_California
https://en.wikipedia.org/wiki/Central_Coast_of_California https://en.wikipedia.org/wiki/List_of_cities_and_towns_in_California
https://en.wikipedia.org/wiki/Central_Coast_of_California https://en.wikipedia.org/wiki/Los_Angeles
https://en.wikipedia.org/wiki/Central_Coast_of_California https://en.wikipedia.org/wiki/San_Diego
https://en.wikipedia.org/wiki/Central_Coast_of_California https://en.wikipedia.org/wiki/Fresno,_California
https://en.wikipedia.org/wiki/Central_Coast_of_California https://en.wikipedia.org/wiki/Long_Beach,_California
https://en.wikipedia.org/wiki/Central_Coast_of_California https://en.wikipedia.org/wiki/Oakland,_California
https://en.wikipedia.org/wiki/Central_Coast_of_California https://en.wikipedia.org/wiki/Bakersfield,_California
https://en.wikipedia.org/wiki/Central_Coast_of_California https://en.wikipedia.org/wiki/Anaheim,_California
