https://en.wikipedia.org/wiki/Southeastern_United_States https://en.wikipedia.org/wiki/Time_zone
https://en.wikipedia.org/wiki/Southeastern_United_States https://en.wikipedia.org/wiki/Eastern_Standard_Time_(North_America)
https://en.wikipedia.org/wiki/Southeastern_United_States https://en.wikipedia.org/wiki/Central_Standard_Time_(North_America)
https://en.wikipedia.org/wiki/Southeastern_United_States https://en.wikipedia.org/wiki/Daylight_saving_time
https://en.wikipedia.org/wiki/Southeastern_United_States https://en.wikipedia.org/wiki/Eastern_Daylight_Time
https://en.wikipedia.org/wiki/Southeastern_United_States https://en.wikipedia.org/wiki/Central_Daylight_Time
https://en.wikipedia.org/wiki/Southeastern_United_States https://en.wikipedia.org/wiki/Gulf_Coast
https://en.wikipedia.org/wiki/Southeastern_United_States https://en.wikipedia.org/wiki/Census_Bureau
https://en.wikipedia.org/wiki/Southeastern_United_States https://en.wikipedia.org/wiki/American_Association_of_Geographers
https://en.wikipedia.org/wiki/Southeastern_United_States https://en.wikipedia.org/wiki/Delaware
https://en.wikipedia.org/wiki/Southeastern_United_States https://en.wikipedia.org/wiki/List_of_states_and_territories_of_the_United_States
https://en.wikipedia.org/wiki/Southeastern_United_States https://en.wikipedia.org/wiki/Culture_of_the_Southern_United_States
https://en.wikipedia.org/wiki/Southeastern_United_States https://en.wikipedia.org/wiki/British_colonization_of_the_Americas
https://en.wikipedia.org/wiki/Southeastern_United_States https://en.wikipedia.org/wiki/English_people
https://en.wikipedia.org/wiki/Southeastern_United_States https://en.wikipedia.org/wiki/Scottish_people
https://en.wikipedia.org/wiki/Southeastern_United_States https://en.wikipedia.org/wiki/Ulster_Scots_people
https://en.wikipedia.org/wiki/Southeastern_United_States https://en.wikipedia.org/wiki/Germans
https://en.wikipedia.org/wiki/Southeastern_United_States https://en.wikipedia.org/wiki/Spanish_people
https://en.wikipedia.org/wiki/Southeastern_United_States https://en.wikipedia.org/wiki/French_people
https://en.wikipedia.org/wiki/Southeastern_United_States https://en.wikipedia.org/wiki/Acadians
https://en.wikipedia.org/wiki/Southeastern_United_States https://en.wikipedia.org/wiki/Humid_subtropical_climate
https://en.wikipedia.org/wiki/Southeastern_United_States https://en.wikipedia.org/wiki/Tropical
https://en.wikipedia.org/wiki/Southeastern_United_States https://en.wikipedia.org/wiki/Bermuda_High
https://en.wikipedia.org/wiki/Southeastern_United_States https://en.wikipedia.org/wiki/Atlantic_Ocean
https://en.wikipedia.org/wiki/Southeastern_United_States https://en.wikipedia.org/wiki/Gulf_of_Mexico
https://en.wikipedia.org/wiki/Southeastern_United_States https://en.wikipedia.org/wiki/Norfolk,_VA
https://en.wikipedia.org/wiki/Southeastern_United_States https://en.wikipedia.org/wiki/Monsoon
https://en.wikipedia.org/wiki/Southeastern_United_States https://en.wikipedia.org/wiki/Tupelo,_MS
https://en.wikipedia.org/wiki/Southeastern_United_States https://en.wikipedia.org/wiki/Huntsville,_AL
https://en.wikipedia.org/wiki/Southeastern_United_States https://en.wikipedia.org/wiki/Memphis,_TN
https://en.wikipedia.org/wiki/Southeastern_United_States https://en.wikipedia.org/wiki/Economic_boom
https://en.wikipedia.org/wiki/Southeastern_United_States https://en.wikipedia.org/wiki/Service_economy
https://en.wikipedia.org/wiki/Southeastern_United_States https://en.wikipedia.org/wiki/Tourism
https://en.wikipedia.org/wiki/Southeastern_United_States https://en.wikipedia.org/wiki/Mercedes-Benz
https://en.wikipedia.org/wiki/Southeastern_United_States https://en.wikipedia.org/wiki/Tuscaloosa,_Alabama
https://en.wikipedia.org/wiki/Southeastern_United_States https://en.wikipedia.org/wiki/Hyundai
https://en.wikipedia.org/wiki/Southeastern_United_States https://en.wikipedia.org/wiki/Toyota_Motors
https://en.wikipedia.org/wiki/Southeastern_United_States https://en.wikipedia.org/wiki/Blue_Springs,_Mississippi
https://en.wikipedia.org/wiki/Southeastern_United_States https://en.wikipedia.org/wiki/Kia_Motors
https://en.wikipedia.org/wiki/Southeastern_United_States https://en.wikipedia.org/wiki/West_Point,_Georgia
https://en.wikipedia.org/wiki/Southeastern_United_States https://en.wikipedia.org/wiki/BMW
https://en.wikipedia.org/wiki/Southeastern_United_States https://en.wikipedia.org/wiki/Greer,_South_Carolina
https://en.wikipedia.org/wiki/Southeastern_United_States https://en.wikipedia.org/wiki/Chattanooga,_Tennessee
https://en.wikipedia.org/wiki/Southeastern_United_States https://en.wikipedia.org/wiki/General_Motors
https://en.wikipedia.org/wiki/Southeastern_United_States https://en.wikipedia.org/wiki/Spring_Hill,_Tennessee
https://en.wikipedia.org/wiki/Southeastern_United_States https://en.wikipedia.org/wiki/Pulaski,_Virginia
https://en.wikipedia.org/wiki/Southeastern_United_States https://en.wikipedia.org/wiki/Nissan
https://en.wikipedia.org/wiki/Southeastern_United_States https://en.wikipedia.org/wiki/Franklin,_Tennessee
https://en.wikipedia.org/wiki/Southeastern_United_States https://en.wikipedia.org/wiki/Verso_Paper
https://en.wikipedia.org/wiki/Southeastern_United_States https://en.wikipedia.org/wiki/FedEx
https://en.wikipedia.org/wiki/Southeastern_United_States https://en.wikipedia.org/wiki/ThyssenKrupp
https://en.wikipedia.org/wiki/Southeastern_United_States https://en.wikipedia.org/wiki/Mobile,_Alabama
https://en.wikipedia.org/wiki/Southeastern_United_States https://en.wikipedia.org/wiki/Research_Triangle
https://en.wikipedia.org/wiki/Southeastern_United_States https://en.wikipedia.org/wiki/Virginia_BioTechnology_Research_Park
https://en.wikipedia.org/wiki/Southeastern_United_States https://en.wikipedia.org/wiki/Redstone_Arsenal
https://en.wikipedia.org/wiki/Southeastern_United_States https://en.wikipedia.org/wiki/United_States_Army_Missile_Command
https://en.wikipedia.org/wiki/Southeastern_United_States https://en.wikipedia.org/wiki/U.S._Space_%26_Rocket_Center
https://en.wikipedia.org/wiki/Southeastern_United_States https://en.wikipedia.org/wiki/NASA
https://en.wikipedia.org/wiki/Southeastern_United_States https://en.wikipedia.org/wiki/Marshall_Space_Flight_Center
https://en.wikipedia.org/wiki/Southeastern_United_States https://en.wikipedia.org/wiki/National_High_Magnetic_Field_Laboratory
https://en.wikipedia.org/wiki/Southeastern_United_States https://en.wikipedia.org/wiki/Tallahassee,_Florida
https://en.wikipedia.org/wiki/Southeastern_United_States https://en.wikipedia.org/wiki/Columbia,_South_Carolina
https://en.wikipedia.org/wiki/Southeastern_United_States https://en.wikipedia.org/wiki/National_Science_Foundation
https://en.wikipedia.org/wiki/Southeastern_United_States https://en.wikipedia.org/wiki/Fuel_Cell
https://en.wikipedia.org/wiki/Southeastern_United_States https://en.wikipedia.org/wiki/Coral_Gables,_Florida
https://en.wikipedia.org/wiki/Southeastern_United_States https://en.wikipedia.org/wiki/Auburn_University
https://en.wikipedia.org/wiki/Southeastern_United_States https://en.wikipedia.org/wiki/Clemson_University
https://en.wikipedia.org/wiki/Southeastern_United_States https://en.wikipedia.org/wiki/College_of_William_%26_Mary
https://en.wikipedia.org/wiki/Southeastern_United_States https://en.wikipedia.org/wiki/Florida_State_University
https://en.wikipedia.org/wiki/Southeastern_United_States https://en.wikipedia.org/wiki/Georgia_Institute_of_Technology
https://en.wikipedia.org/wiki/Southeastern_United_States https://en.wikipedia.org/wiki/Georgia_State_University
https://en.wikipedia.org/wiki/Southeastern_United_States https://en.wikipedia.org/wiki/North_Carolina_State_University
https://en.wikipedia.org/wiki/Southeastern_United_States https://en.wikipedia.org/wiki/Radford_University
https://en.wikipedia.org/wiki/Southeastern_United_States https://en.wikipedia.org/wiki/University_of_Alabama
https://en.wikipedia.org/wiki/Southeastern_United_States https://en.wikipedia.org/wiki/University_of_Kentucky
https://en.wikipedia.org/wiki/Southeastern_United_States https://en.wikipedia.org/wiki/University_of_Florida
https://en.wikipedia.org/wiki/Southeastern_United_States https://en.wikipedia.org/wiki/University_of_Tennessee
https://en.wikipedia.org/wiki/Southeastern_United_States https://en.wikipedia.org/wiki/University_of_Georgia
https://en.wikipedia.org/wiki/Southeastern_United_States https://en.wikipedia.org/wiki/University_of_Maryland,_College_Park
https://en.wikipedia.org/wiki/Southeastern_United_States https://en.wikipedia.org/wiki/University_of_North_Carolina_at_Chapel_Hill
https://en.wikipedia.org/wiki/Southeastern_United_States https://en.wikipedia.org/wiki/University_of_Virginia
https://en.wikipedia.org/wiki/Southeastern_United_States https://en.wikipedia.org/wiki/Belmont_University
https://en.wikipedia.org/wiki/Southeastern_United_States https://en.wikipedia.org/wiki/Davidson_College
https://en.wikipedia.org/wiki/Southeastern_United_States https://en.wikipedia.org/wiki/Duke_University
https://en.wikipedia.org/wiki/Southeastern_United_States https://en.wikipedia.org/wiki/Emory_University
https://en.wikipedia.org/wiki/Southeastern_United_States https://en.wikipedia.org/wiki/Georgetown_University
https://en.wikipedia.org/wiki/Southeastern_United_States https://en.wikipedia.org/wiki/Johns_Hopkins_University
https://en.wikipedia.org/wiki/Southeastern_United_States https://en.wikipedia.org/wiki/Morehouse_College
https://en.wikipedia.org/wiki/Southeastern_United_States https://en.wikipedia.org/wiki/Spelman_College
https://en.wikipedia.org/wiki/Southeastern_United_States https://en.wikipedia.org/wiki/Tulane_University
https://en.wikipedia.org/wiki/Southeastern_United_States https://en.wikipedia.org/wiki/University_of_Richmond
https://en.wikipedia.org/wiki/Southeastern_United_States https://en.wikipedia.org/wiki/Vanderbilt_University
https://en.wikipedia.org/wiki/Southeastern_United_States https://en.wikipedia.org/wiki/Wake_Forest_University
https://en.wikipedia.org/wiki/Southeastern_United_States https://en.wikipedia.org/wiki/Washington_and_Lee_University
https://en.wikipedia.org/wiki/Southeastern_United_States https://en.wikipedia.org/wiki/Historically_black_colleges_and_universities
https://en.wikipedia.org/wiki/Southeastern_United_States https://en.wikipedia.org/wiki/North_Carolina_A%26T_University
https://en.wikipedia.org/wiki/Southeastern_United_States https://en.wikipedia.org/wiki/Florida_A%26M_University
https://en.wikipedia.org/wiki/Southeastern_United_States https://en.wikipedia.org/wiki/Jackson_State_University
https://en.wikipedia.org/wiki/Southeastern_United_States https://en.wikipedia.org/wiki/Nashville-Davidson_(balance),_Tennessee
https://en.wikipedia.org/wiki/Southeastern_United_States https://en.wikipedia.org/wiki/Louisville-Jefferson_County_(balance),_Kentucky
https://en.wikipedia.org/wiki/Southeastern_United_States https://en.wikipedia.org/wiki/Lexington,_Kentucky
https://en.wikipedia.org/wiki/Southeastern_United_States https://en.wikipedia.org/wiki/Greensboro,_North_Carolina
https://en.wikipedia.org/wiki/Southeastern_United_States https://en.wikipedia.org/wiki/Durham,_North_Carolina
https://en.wikipedia.org/wiki/Southeastern_United_States https://en.wikipedia.org/wiki/Saint_Petersburg,_Florida
https://en.wikipedia.org/wiki/Southeastern_United_States https://en.wikipedia.org/wiki/Norfolk,_Virginia
https://en.wikipedia.org/wiki/Southeastern_United_States https://en.wikipedia.org/wiki/Winston-Salem,_North_Carolina
https://en.wikipedia.org/wiki/Southeastern_United_States https://en.wikipedia.org/wiki/Hialeah,_Florida
https://en.wikipedia.org/wiki/Southeastern_United_States https://en.wikipedia.org/wiki/Chesapeake,_Virginia
https://en.wikipedia.org/wiki/Southeastern_United_States https://en.wikipedia.org/wiki/Baton_Rouge,_Louisiana
https://en.wikipedia.org/wiki/Southeastern_United_States https://en.wikipedia.org/wiki/Fayetteville,_North_Carolina
https://en.wikipedia.org/wiki/Southeastern_United_States https://en.wikipedia.org/wiki/Columbus,_Georgia
https://en.wikipedia.org/wiki/Southeastern_United_States https://en.wikipedia.org/wiki/Consolidated_city-county
https://en.wikipedia.org/wiki/Southeastern_United_States https://en.wikipedia.org/wiki/Incorporation_(municipal_government)
https://en.wikipedia.org/wiki/Southeastern_United_States https://en.wikipedia.org/wiki/Washington_metropolitan_area
https://en.wikipedia.org/wiki/Southeastern_United_States https://en.wikipedia.org/wiki/Washington_D.C.
https://en.wikipedia.org/wiki/Southeastern_United_States https://en.wikipedia.org/wiki/Miami_metropolitan_area
https://en.wikipedia.org/wiki/Southeastern_United_States https://en.wikipedia.org/wiki/Atlanta_metropolitan_area
https://en.wikipedia.org/wiki/Southeastern_United_States https://en.wikipedia.org/wiki/Baltimore_Metropolitan_Area
https://en.wikipedia.org/wiki/Southeastern_United_States https://en.wikipedia.org/wiki/Charlotte_metropolitan_area
https://en.wikipedia.org/wiki/Southeastern_United_States https://en.wikipedia.org/wiki/Greater_Orlando
https://en.wikipedia.org/wiki/Southeastern_United_States https://en.wikipedia.org/wiki/Nashville_metropolitan_area
https://en.wikipedia.org/wiki/Southeastern_United_States https://en.wikipedia.org/wiki/Hampton_Roads
https://en.wikipedia.org/wiki/Southeastern_United_States https://en.wikipedia.org/wiki/Jacksonville_metropolitan_area
https://en.wikipedia.org/wiki/Southeastern_United_States https://en.wikipedia.org/wiki/Memphis_metropolitan_area
https://en.wikipedia.org/wiki/Southeastern_United_States https://en.wikipedia.org/wiki/The_Triangle_(North_Carolina)
https://en.wikipedia.org/wiki/Southeastern_United_States https://en.wikipedia.org/wiki/Louisville_metropolitan_area
https://en.wikipedia.org/wiki/Southeastern_United_States https://en.wikipedia.org/wiki/Indiana
https://en.wikipedia.org/wiki/Southeastern_United_States https://en.wikipedia.org/wiki/New_Orleans_metropolitan_area
https://en.wikipedia.org/wiki/Southeastern_United_States https://en.wikipedia.org/wiki/Birmingham%E2%80%93Hoover_Metropolitan_Area
https://en.wikipedia.org/wiki/Southeastern_United_States https://en.wikipedia.org/wiki/Jean_Gottmann
https://en.wikipedia.org/wiki/Southeastern_United_States https://en.wikipedia.org/wiki/Megapolitan_area
https://en.wikipedia.org/wiki/Southeastern_United_States https://en.wikipedia.org/wiki/United_States
https://en.wikipedia.org/wiki/Southeastern_United_States https://en.wikipedia.org/wiki/South_Florida
https://en.wikipedia.org/wiki/Southeastern_United_States https://en.wikipedia.org/wiki/Central_Florida
https://en.wikipedia.org/wiki/Southeastern_United_States https://en.wikipedia.org/wiki/Washington-Baltimore-Arlington,_DC-MD-VA-WV-PA_Combined_Statistical_Area
https://en.wikipedia.org/wiki/Southeastern_United_States https://en.wikipedia.org/wiki/Washington-Arlington-Alexandria,_DC-VA-MD-WV_Metropolitan_Statistical_Area
https://en.wikipedia.org/wiki/Southeastern_United_States https://en.wikipedia.org/wiki/Baltimore-Columbia-Towson,_MD_Metropolitan_Statistical_Area
https://en.wikipedia.org/wiki/Southeastern_United_States https://en.wikipedia.org/wiki/Hagerstown-Martinsburg,_MD-WV_Metropolitan_Statistical_Area
https://en.wikipedia.org/wiki/Southeastern_United_States https://en.wikipedia.org/wiki/Chambersburg-Waynesboro,_PA_Metropolitan_Statistical_Area
https://en.wikipedia.org/wiki/Southeastern_United_States https://en.wikipedia.org/wiki/Winchester,_VA-WV_Metropolitan_Statistical_Area
https://en.wikipedia.org/wiki/Southeastern_United_States https://en.wikipedia.org/wiki/California-Lexington_Park,_MD_Metropolitan_Statistical_Area
https://en.wikipedia.org/wiki/Southeastern_United_States https://en.wikipedia.org/wiki/Easton,_MD_Micropolitan_Statistical_Area
https://en.wikipedia.org/wiki/Southeastern_United_States https://en.wikipedia.org/wiki/Cambridge,_MD_Micropolitan_Statistical_Area
https://en.wikipedia.org/wiki/Southeastern_United_States https://en.wikipedia.org/wiki/Miami-Fort_Lauderdale-Port_St._Lucie,_FL_Combined_Statistical_Area
https://en.wikipedia.org/wiki/Southeastern_United_States https://en.wikipedia.org/wiki/Miami-Fort_Lauderdale-West_Palm_Beach,_FL_Metropolitan_Statistical_Area
https://en.wikipedia.org/wiki/Southeastern_United_States https://en.wikipedia.org/wiki/Port_St._Lucie,_FL_Metropolitan_Statistical_Area
https://en.wikipedia.org/wiki/Southeastern_United_States https://en.wikipedia.org/wiki/Sebastian-Vero_Beach,_FL_Metropolitan_Statistical_Area
https://en.wikipedia.org/wiki/Southeastern_United_States https://en.wikipedia.org/wiki/Okeechobee,_FL_Micropolitan_Statistical_Area
https://en.wikipedia.org/wiki/Southeastern_United_States https://en.wikipedia.org/wiki/Atlanta%E2%80%93Athens-Clarke_County%E2%80%93Sandy_Springs,_GA_Combined_Statistical_Area
https://en.wikipedia.org/wiki/Southeastern_United_States https://en.wikipedia.org/wiki/Atlanta-Sandy_Springs-Roswell,_GA_Metropolitan_Statistical_Area
https://en.wikipedia.org/wiki/Southeastern_United_States https://en.wikipedia.org/wiki/Athens-Clarke_County,_GA_Metropolitan_Statistical_Area
https://en.wikipedia.org/wiki/Southeastern_United_States https://en.wikipedia.org/wiki/Gainesville,_GA_Metropolitan_Statistical_Area
https://en.wikipedia.org/wiki/Southeastern_United_States https://en.wikipedia.org/wiki/LaGrange,_GA_Micropolitan_Statistical_Area
https://en.wikipedia.org/wiki/Southeastern_United_States https://en.wikipedia.org/wiki/Jefferson,_GA_Micropolitan_Statistical_Area
https://en.wikipedia.org/wiki/Southeastern_United_States https://en.wikipedia.org/wiki/Calhoun,_GA_Micropolitan_Statistical_Area
https://en.wikipedia.org/wiki/Southeastern_United_States https://en.wikipedia.org/wiki/Cedartown,_GA_Micropolitan_Statistical_Area
https://en.wikipedia.org/wiki/Southeastern_United_States https://en.wikipedia.org/wiki/Thomaston,_GA_Micropolitan_Statistical_Area
https://en.wikipedia.org/wiki/Southeastern_United_States https://en.wikipedia.org/wiki/Orlando-Deltona-Daytona_Beach,_FL_Combined_Statistical_Area
https://en.wikipedia.org/wiki/Southeastern_United_States https://en.wikipedia.org/wiki/Orlando-Kissimmee-Sanford,_FL_Metropolitan_Statistical_Area
https://en.wikipedia.org/wiki/Southeastern_United_States https://en.wikipedia.org/wiki/Deltona-Daytona_Beach-Ormond_Beach,_FL_Metropolitan_Statistical_Area
https://en.wikipedia.org/wiki/Southeastern_United_States https://en.wikipedia.org/wiki/The_Villages,_FL_Metropolitan_Statistical_Area
https://en.wikipedia.org/wiki/Southeastern_United_States https://en.wikipedia.org/wiki/Charlotte-Concord,_NC-SC_Combined_Statistical_Area
https://en.wikipedia.org/wiki/Southeastern_United_States https://en.wikipedia.org/wiki/Charlotte-Concord-Gastonia,_NC-SC_Metropolitan_Statistical_Area
https://en.wikipedia.org/wiki/Southeastern_United_States https://en.wikipedia.org/wiki/Shelby,_NC_Micropolitan_Statistical_Area
https://en.wikipedia.org/wiki/Southeastern_United_States https://en.wikipedia.org/wiki/Albemarle,_NC_Micropolitan_Statistical_Area
https://en.wikipedia.org/wiki/Southeastern_United_States https://en.wikipedia.org/wiki/Raleigh-Durham-Chapel_Hill,_NC_Combined_Statistical_Area
https://en.wikipedia.org/wiki/Southeastern_United_States https://en.wikipedia.org/wiki/Raleigh,_NC_Metropolitan_Statistical_Area
https://en.wikipedia.org/wiki/Southeastern_United_States https://en.wikipedia.org/wiki/Durham-Chapel_Hill,_NC_Metropolitan_Statistical_Area
https://en.wikipedia.org/wiki/Southeastern_United_States https://en.wikipedia.org/wiki/Dunn,_NC_Micropolitan_Statistical_Area
https://en.wikipedia.org/wiki/Southeastern_United_States https://en.wikipedia.org/wiki/Oxford,_NC_Micropolitan_Statistical_Area
https://en.wikipedia.org/wiki/Southeastern_United_States https://en.wikipedia.org/wiki/Sanford,_NC_Micropolitan_Statistical_Area
https://en.wikipedia.org/wiki/Southeastern_United_States https://en.wikipedia.org/wiki/Henderson,_NC_Micropolitan_Statistical_Area
https://en.wikipedia.org/wiki/Southeastern_United_States https://en.wikipedia.org/wiki/Nashville-Davidson%E2%80%93Murfreesboro,_TN_Combined_Statistical_Area
https://en.wikipedia.org/wiki/Southeastern_United_States https://en.wikipedia.org/wiki/Nashville-Davidson%E2%80%93Murfreesboro%E2%80%93Franklin,_TN_Metropolitan_Statistical_Area
https://en.wikipedia.org/wiki/Southeastern_United_States https://en.wikipedia.org/wiki/Shelbyville,_TN_Micropolitan_Statistical_Area
https://en.wikipedia.org/wiki/Southeastern_United_States https://en.wikipedia.org/wiki/Lawrenceburg,_TN_Micropolitan_Statistical_Area
https://en.wikipedia.org/wiki/Southeastern_United_States https://en.wikipedia.org/wiki/Lewisburg,_TN_Micropolitan_Statistical_Area
https://en.wikipedia.org/wiki/Southeastern_United_States https://en.wikipedia.org/wiki/Virginia_Beach-Norfolk,_VA-NC_Combined_Statistical_Area
https://en.wikipedia.org/wiki/Southeastern_United_States https://en.wikipedia.org/wiki/Virginia_Beach-Norfolk-Newport_News,_VA-NC_Metropolitan_Statistical_Area
https://en.wikipedia.org/wiki/Southeastern_United_States https://en.wikipedia.org/wiki/Elizabeth_City,_NC_Micropolitan_Statistical_Area
https://en.wikipedia.org/wiki/Southeastern_United_States https://en.wikipedia.org/wiki/Kill_Devil_Hills,_NC_Micropolitan_Statistical_Area
https://en.wikipedia.org/wiki/Southeastern_United_States https://en.wikipedia.org/wiki/Greensboro%E2%80%93Winston-Salem%E2%80%93High_Point,_NC_Combined_Statistical_Area
https://en.wikipedia.org/wiki/Southeastern_United_States https://en.wikipedia.org/wiki/Greensboro-High_Point,_NC_Metropolitan_Statistical_Area
https://en.wikipedia.org/wiki/Southeastern_United_States https://en.wikipedia.org/wiki/Winston-Salem,_NC_Metropolitan_Statistical_Area
https://en.wikipedia.org/wiki/Southeastern_United_States https://en.wikipedia.org/wiki/Burlington,_NC_Metropolitan_Statistical_Area
https://en.wikipedia.org/wiki/Southeastern_United_States https://en.wikipedia.org/wiki/Mount_Airy,_NC_Micropolitan_Statistical_Area
https://en.wikipedia.org/wiki/Southeastern_United_States https://en.wikipedia.org/wiki/Jacksonville-St._Marys-Palatka,_FL-GA_Combined_Statistical_Area
https://en.wikipedia.org/wiki/Southeastern_United_States https://en.wikipedia.org/wiki/Jacksonville,_FL_Metropolitan_Statistical_Area
https://en.wikipedia.org/wiki/Southeastern_United_States https://en.wikipedia.org/wiki/Palatka,_FL_Micropolitan_Statistical_Area
https://en.wikipedia.org/wiki/Southeastern_United_States https://en.wikipedia.org/wiki/St._Marys,_GA_Micropolitan_Statistical_Area
https://en.wikipedia.org/wiki/Southeastern_United_States https://en.wikipedia.org/wiki/Louisville/Jefferson_County%E2%80%93Elizabethtown%E2%80%93Madison,_KY-IN_Combined_Statistical_Area
https://en.wikipedia.org/wiki/Southeastern_United_States https://en.wikipedia.org/wiki/Louisville/Jefferson_County,_KY-IN_Metropolitan_Statistical_Area
https://en.wikipedia.org/wiki/Southeastern_United_States https://en.wikipedia.org/wiki/Elizabethtown-Fort_Knox,_KY_Metropolitan_Statistical_Area
https://en.wikipedia.org/wiki/Southeastern_United_States https://en.wikipedia.org/wiki/Bardstown,_KY_Micropolitan_Statistical_Area
https://en.wikipedia.org/wiki/Southeastern_United_States https://en.wikipedia.org/wiki/Madison,_IN_Micropolitan_Statistical_Area
https://en.wikipedia.org/wiki/Southeastern_United_States https://en.wikipedia.org/wiki/New_Orleans-Metairie-Hammond,_LA-MS_Combined_Statistical_Area
https://en.wikipedia.org/wiki/Southeastern_United_States https://en.wikipedia.org/wiki/New_Orleans-Metairie,_LA_Metropolitan_Statistical_Area
https://en.wikipedia.org/wiki/Southeastern_United_States https://en.wikipedia.org/wiki/Hammond,_LA_Metropolitan_Statistical_Area
https://en.wikipedia.org/wiki/Southeastern_United_States https://en.wikipedia.org/wiki/Picayune,_MS_Micropolitan_Statistical_Area
https://en.wikipedia.org/wiki/Southeastern_United_States https://en.wikipedia.org/wiki/Bogalusa,_LA_Micropolitan_Statistical_Area
https://en.wikipedia.org/wiki/Southeastern_United_States https://en.wikipedia.org/wiki/Greenville-Spartanburg-Anderson,_SC_Combined_Statistical_Area
https://en.wikipedia.org/wiki/Southeastern_United_States https://en.wikipedia.org/wiki/Greenville-Anderson-Mauldin,_SC_Metropolitan_Statistical_Area
https://en.wikipedia.org/wiki/Southeastern_United_States https://en.wikipedia.org/wiki/Spartanburg,_SC_Metropolitan_Statistical_Area
https://en.wikipedia.org/wiki/Southeastern_United_States https://en.wikipedia.org/wiki/Greenwood,_SC_Micropolitan_Statistical_Area
https://en.wikipedia.org/wiki/Southeastern_United_States https://en.wikipedia.org/wiki/Seneca,_SC_Micropolitan_Statistical_Area
https://en.wikipedia.org/wiki/Southeastern_United_States https://en.wikipedia.org/wiki/Gaffney,_SC_Micropolitan_Statistical_Area
https://en.wikipedia.org/wiki/Southeastern_United_States https://en.wikipedia.org/wiki/Memphis-Forrest_City,_TN-MS-AR_Combined_Statistical_Area
https://en.wikipedia.org/wiki/Southeastern_United_States https://en.wikipedia.org/wiki/Memphis,_TN-MS-AR_Metropolitan_Statistical_Area
https://en.wikipedia.org/wiki/Southeastern_United_States https://en.wikipedia.org/wiki/Forrest_City,_AR_Micropolitan_Statistical_Area
https://en.wikipedia.org/wiki/Southeastern_United_States https://en.wikipedia.org/wiki/Birmingham-Hoover-Talladega,_AL_Combined_Statistical_Area
https://en.wikipedia.org/wiki/Southeastern_United_States https://en.wikipedia.org/wiki/Birmingham-Hoover,_AL_Metropolitan_Statistical_Area
https://en.wikipedia.org/wiki/Southeastern_United_States https://en.wikipedia.org/wiki/Talladega-Sylacauga,_AL_Micropolitan_Statistical_Area
https://en.wikipedia.org/wiki/Southeastern_United_States https://en.wikipedia.org/wiki/Cullman,_AL_Micropolitan_Statistical_Area
https://en.wikipedia.org/wiki/Southeastern_United_States https://en.wikipedia.org/wiki/Knoxville-Morristown-Sevierville,_TN_Combined_Statistical_Area
https://en.wikipedia.org/wiki/Southeastern_United_States https://en.wikipedia.org/wiki/Knoxville,_TN_Metropolitan_Statistical_Area
https://en.wikipedia.org/wiki/Southeastern_United_States https://en.wikipedia.org/wiki/Morristown,_TN_Metropolitan_Statistical_Area
https://en.wikipedia.org/wiki/Southeastern_United_States https://en.wikipedia.org/wiki/Sevierville,_TN_Micropolitan_Statistical_Area
https://en.wikipedia.org/wiki/Southeastern_United_States https://en.wikipedia.org/wiki/Newport,_TN_Micropolitan_Statistical_Area
https://en.wikipedia.org/wiki/Southeastern_United_States https://en.wikipedia.org/wiki/Cape_Coral-Fort_Myers-Naples,_FL_Combined_Statistical_Area
https://en.wikipedia.org/wiki/Southeastern_United_States https://en.wikipedia.org/wiki/Cape_Coral-Fort_Myers,_FL_Metropolitan_Statistical_Area
https://en.wikipedia.org/wiki/Southeastern_United_States https://en.wikipedia.org/wiki/Naples-Immokalee-Marco_Island,_FL_Metropolitan_Statistical_Area
https://en.wikipedia.org/wiki/Southeastern_United_States https://en.wikipedia.org/wiki/North_Port-Sarasota,_FL_Combined_Statistical_Area
https://en.wikipedia.org/wiki/Southeastern_United_States https://en.wikipedia.org/wiki/North_Port-Sarasota-Bradenton,_FL_Metropolitan_Statistical_Area
https://en.wikipedia.org/wiki/Southeastern_United_States https://en.wikipedia.org/wiki/Punta_Gorda,_FL_Metropolitan_Statistical_Area
https://en.wikipedia.org/wiki/Southeastern_United_States https://en.wikipedia.org/wiki/Arcadia,_FL_Micropolitan_Statistical_Area
https://en.wikipedia.org/wiki/Southeastern_United_States https://en.wikipedia.org/wiki/American_football
https://en.wikipedia.org/wiki/Southeastern_United_States https://en.wikipedia.org/wiki/Atlanta_Falcons
https://en.wikipedia.org/wiki/Southeastern_United_States https://en.wikipedia.org/wiki/Baltimore_Ravens
https://en.wikipedia.org/wiki/Southeastern_United_States https://en.wikipedia.org/wiki/Carolina_Panthers
https://en.wikipedia.org/wiki/Southeastern_United_States https://en.wikipedia.org/wiki/Jacksonville_Jaguars
https://en.wikipedia.org/wiki/Southeastern_United_States https://en.wikipedia.org/wiki/Miami_Dolphins
https://en.wikipedia.org/wiki/Southeastern_United_States https://en.wikipedia.org/wiki/New_Orleans_Saints
https://en.wikipedia.org/wiki/Southeastern_United_States https://en.wikipedia.org/wiki/Tampa_Bay_Buccaneers
https://en.wikipedia.org/wiki/Southeastern_United_States https://en.wikipedia.org/wiki/Tennessee_Titans
https://en.wikipedia.org/wiki/Southeastern_United_States https://en.wikipedia.org/wiki/Washington_Redskins
https://en.wikipedia.org/wiki/Southeastern_United_States https://en.wikipedia.org/wiki/National_Football_League
https://en.wikipedia.org/wiki/Southeastern_United_States https://en.wikipedia.org/wiki/Major_professional_sports_leagues_in_the_United_States_and_Canada
https://en.wikipedia.org/wiki/Southeastern_United_States https://en.wikipedia.org/wiki/National_Basketball_Association
https://en.wikipedia.org/wiki/Southeastern_United_States https://en.wikipedia.org/wiki/Atlanta_Hawks
https://en.wikipedia.org/wiki/Southeastern_United_States https://en.wikipedia.org/wiki/Charlotte_Hornets
https://en.wikipedia.org/wiki/Southeastern_United_States https://en.wikipedia.org/wiki/Memphis_Grizzlies
https://en.wikipedia.org/wiki/Southeastern_United_States https://en.wikipedia.org/wiki/Miami_Heat
https://en.wikipedia.org/wiki/Southeastern_United_States https://en.wikipedia.org/wiki/New_Orleans_Pelicans
https://en.wikipedia.org/wiki/Southeastern_United_States https://en.wikipedia.org/wiki/Orlando_Magic
https://en.wikipedia.org/wiki/Southeastern_United_States https://en.wikipedia.org/wiki/Washington_Wizards
https://en.wikipedia.org/wiki/Southeastern_United_States https://en.wikipedia.org/wiki/Major_League_Baseball
https://en.wikipedia.org/wiki/Southeastern_United_States https://en.wikipedia.org/wiki/Atlanta_Braves
https://en.wikipedia.org/wiki/Southeastern_United_States https://en.wikipedia.org/wiki/Baltimore_Orioles
https://en.wikipedia.org/wiki/Southeastern_United_States https://en.wikipedia.org/wiki/Miami_Marlins
https://en.wikipedia.org/wiki/Southeastern_United_States https://en.wikipedia.org/wiki/Tampa_Bay_Rays
https://en.wikipedia.org/wiki/Southeastern_United_States https://en.wikipedia.org/wiki/Washington_Nationals
https://en.wikipedia.org/wiki/Southeastern_United_States https://en.wikipedia.org/wiki/National_Hockey_League
https://en.wikipedia.org/wiki/Southeastern_United_States https://en.wikipedia.org/wiki/Carolina_Hurricanes
https://en.wikipedia.org/wiki/Southeastern_United_States https://en.wikipedia.org/wiki/Florida_Panthers
https://en.wikipedia.org/wiki/Southeastern_United_States https://en.wikipedia.org/wiki/Nashville_Predators
https://en.wikipedia.org/wiki/Southeastern_United_States https://en.wikipedia.org/wiki/Tampa_Bay_Lightning
https://en.wikipedia.org/wiki/Southeastern_United_States https://en.wikipedia.org/wiki/Washington_Capitals
https://en.wikipedia.org/wiki/Southeastern_United_States https://en.wikipedia.org/wiki/Major_League_Soccer
https://en.wikipedia.org/wiki/Southeastern_United_States https://en.wikipedia.org/wiki/Atlanta_United_FC
https://en.wikipedia.org/wiki/Southeastern_United_States https://en.wikipedia.org/wiki/D.C._United
https://en.wikipedia.org/wiki/Southeastern_United_States https://en.wikipedia.org/wiki/Orlando_City_SC
https://en.wikipedia.org/wiki/Southeastern_United_States https://en.wikipedia.org/wiki/Nashville_MLS_team
https://en.wikipedia.org/wiki/Southeastern_United_States https://en.wikipedia.org/wiki/Inter_Miami_CF
https://en.wikipedia.org/wiki/Southeastern_United_States https://en.wikipedia.org/wiki/Atlantic_Coast_Conference
https://en.wikipedia.org/wiki/Southeastern_United_States https://en.wikipedia.org/wiki/Florida_State_Seminoles
https://en.wikipedia.org/wiki/Southeastern_United_States https://en.wikipedia.org/wiki/Louisville_Cardinals
https://en.wikipedia.org/wiki/Southeastern_United_States https://en.wikipedia.org/wiki/Miami_Hurricanes
https://en.wikipedia.org/wiki/Southeastern_United_States https://en.wikipedia.org/wiki/Clemson_Tigers
https://en.wikipedia.org/wiki/Southeastern_United_States https://en.wikipedia.org/wiki/Georgia_Tech_Yellow_Jackets
https://en.wikipedia.org/wiki/Southeastern_United_States https://en.wikipedia.org/wiki/Wake_Forest_Demon_Deacons
https://en.wikipedia.org/wiki/Southeastern_United_States https://en.wikipedia.org/wiki/Duke_Blue_Devils
https://en.wikipedia.org/wiki/Southeastern_United_States https://en.wikipedia.org/wiki/North_Carolina_Tar_Heels
https://en.wikipedia.org/wiki/Southeastern_United_States https://en.wikipedia.org/wiki/NC_State_Wolfpack
https://en.wikipedia.org/wiki/Southeastern_United_States https://en.wikipedia.org/wiki/Virginia_Tech_Hokies
https://en.wikipedia.org/wiki/Southeastern_United_States https://en.wikipedia.org/wiki/Virginia_Cavaliers
https://en.wikipedia.org/wiki/Southeastern_United_States https://en.wikipedia.org/wiki/Sugar_Bowl
https://en.wikipedia.org/wiki/Southeastern_United_States https://en.wikipedia.org/wiki/Orange_Bowl
https://en.wikipedia.org/wiki/Southeastern_United_States https://en.wikipedia.org/wiki/Peach_Bowl
https://en.wikipedia.org/wiki/Southeastern_United_States https://en.wikipedia.org/wiki/Citrus_Bowl_(game)
https://en.wikipedia.org/wiki/Southeastern_United_States https://en.wikipedia.org/wiki/Southeastern_Conference
https://en.wikipedia.org/wiki/Southeastern_United_States https://en.wikipedia.org/wiki/Alabama_Crimson_Tide
https://en.wikipedia.org/wiki/Southeastern_United_States https://en.wikipedia.org/wiki/Auburn_Tigers
https://en.wikipedia.org/wiki/Southeastern_United_States https://en.wikipedia.org/wiki/Kentucky_Wildcats
https://en.wikipedia.org/wiki/Southeastern_United_States https://en.wikipedia.org/wiki/Ole_Miss_Rebels
https://en.wikipedia.org/wiki/Southeastern_United_States https://en.wikipedia.org/wiki/Florida_Gators
https://en.wikipedia.org/wiki/Southeastern_United_States https://en.wikipedia.org/wiki/South_Carolina_Gamecocks
https://en.wikipedia.org/wiki/Southeastern_United_States https://en.wikipedia.org/wiki/Tennessee_Volunteers
https://en.wikipedia.org/wiki/Southeastern_United_States https://en.wikipedia.org/wiki/Georgia_Bulldogs
https://en.wikipedia.org/wiki/Southeastern_United_States https://en.wikipedia.org/wiki/Mississippi_State_Bulldogs
https://en.wikipedia.org/wiki/Southeastern_United_States https://en.wikipedia.org/wiki/Vanderbilt_Commodores
https://en.wikipedia.org/wiki/Southeastern_United_States https://en.wikipedia.org/wiki/NASCAR
https://en.wikipedia.org/wiki/Southeastern_United_States https://en.wikipedia.org/wiki/Daytona_International_Speedway
https://en.wikipedia.org/wiki/Southeastern_United_States https://en.wikipedia.org/wiki/Homestead-Miami_Speedway
https://en.wikipedia.org/wiki/Southeastern_United_States https://en.wikipedia.org/wiki/Talladega_Superspeedway
https://en.wikipedia.org/wiki/Southeastern_United_States https://en.wikipedia.org/wiki/Bristol_Motor_Speedway
https://en.wikipedia.org/wiki/Southeastern_United_States https://en.wikipedia.org/wiki/Charlotte_Motor_Speedway
https://en.wikipedia.org/wiki/Southeastern_United_States https://en.wikipedia.org/wiki/Atlanta_Motor_Speedway
https://en.wikipedia.org/wiki/Southeastern_United_States https://en.wikipedia.org/wiki/Darlington_Raceway
https://en.wikipedia.org/wiki/Southeastern_United_States https://en.wikipedia.org/wiki/Kentucky_Speedway
https://en.wikipedia.org/wiki/Southeastern_United_States https://en.wikipedia.org/wiki/Martinsville_Speedway
https://en.wikipedia.org/wiki/Southeastern_United_States https://en.wikipedia.org/wiki/Richmond_International_Speedway
https://en.wikipedia.org/wiki/Southeastern_United_States https://en.wikipedia.org/wiki/Triple_Crown_of_Thoroughbred_Racing_(United_States)
https://en.wikipedia.org/wiki/Southeastern_United_States https://en.wikipedia.org/wiki/Kentucky_derby
https://en.wikipedia.org/wiki/Southeastern_United_States https://en.wikipedia.org/wiki/Preakness_Stakes
https://en.wikipedia.org/wiki/Southeastern_United_States https://en.wikipedia.org/wiki/Southeastern_mixed_forests
https://en.wikipedia.org/wiki/Southeastern_United_States https://en.wikipedia.org/wiki/Hammock_(ecology)
https://en.wikipedia.org/wiki/Southeastern_United_States https://en.wikipedia.org/wiki/YouTube
https://en.wikipedia.org/wiki/Southeastern_United_States https://en.wikipedia.org/wiki/Political_divisions_of_the_United_States
https://en.wikipedia.org/wiki/Southeastern_United_States https://en.wikipedia.org/wiki/U.S._state
https://en.wikipedia.org/wiki/Southeastern_United_States https://en.wikipedia.org/wiki/Insular_area
https://en.wikipedia.org/wiki/Southeastern_United_States https://en.wikipedia.org/wiki/United_States_Minor_Outlying_Islands
https://en.wikipedia.org/wiki/Southeastern_United_States https://en.wikipedia.org/wiki/United_States_territory#Maritime_territory_of_the_United_States
https://en.wikipedia.org/wiki/Southeastern_United_States https://en.wikipedia.org/wiki/Time_in_the_United_States
https://en.wikipedia.org/wiki/Southeastern_United_States https://en.wikipedia.org/wiki/Chamorro_Time_Zone
https://en.wikipedia.org/wiki/Southeastern_United_States https://en.wikipedia.org/wiki/Samoa_Time_Zone
https://en.wikipedia.org/wiki/Southeastern_United_States https://en.wikipedia.org/wiki/Hawaii%E2%80%93Aleutian_Time_Zone
https://en.wikipedia.org/wiki/Southeastern_United_States https://en.wikipedia.org/wiki/Alaska_Time_Zone
https://en.wikipedia.org/wiki/Southeastern_United_States https://en.wikipedia.org/wiki/Pacific_Time_Zone
https://en.wikipedia.org/wiki/Southeastern_United_States https://en.wikipedia.org/wiki/Mountain_Time_Zone
https://en.wikipedia.org/wiki/Southeastern_United_States https://en.wikipedia.org/wiki/Central_Time_Zone
https://en.wikipedia.org/wiki/Southeastern_United_States https://en.wikipedia.org/wiki/Eastern_Time_Zone
https://en.wikipedia.org/wiki/Southeastern_United_States https://en.wikipedia.org/wiki/Atlantic_Time_Zone
https://en.wikipedia.org/wiki/Southeastern_United_States https://en.wikipedia.org/wiki/Western_United_States
https://en.wikipedia.org/wiki/Southeastern_United_States https://en.wikipedia.org/wiki/Pacific_States
https://en.wikipedia.org/wiki/Southeastern_United_States https://en.wikipedia.org/wiki/Mountain_States
https://en.wikipedia.org/wiki/Southeastern_United_States https://en.wikipedia.org/wiki/Midwestern_United_States
https://en.wikipedia.org/wiki/Southeastern_United_States https://en.wikipedia.org/wiki/East_North_Central_states
https://en.wikipedia.org/wiki/Southeastern_United_States https://en.wikipedia.org/wiki/West_North_Central_states
https://en.wikipedia.org/wiki/Southeastern_United_States https://en.wikipedia.org/wiki/Northeastern_United_States
https://en.wikipedia.org/wiki/Southeastern_United_States https://en.wikipedia.org/wiki/New_England
https://en.wikipedia.org/wiki/Southeastern_United_States https://en.wikipedia.org/wiki/Mid-Atlantic_(United_States)
https://en.wikipedia.org/wiki/Southeastern_United_States https://en.wikipedia.org/wiki/South_Atlantic_states
https://en.wikipedia.org/wiki/Southeastern_United_States https://en.wikipedia.org/wiki/East_South_Central_states
https://en.wikipedia.org/wiki/Southeastern_United_States https://en.wikipedia.org/wiki/West_South_Central_states
https://en.wikipedia.org/wiki/Southeastern_United_States https://en.wikipedia.org/wiki/United_States_courts_of_appeals
https://en.wikipedia.org/wiki/Southeastern_United_States https://en.wikipedia.org/wiki/United_States_Court_of_Appeals_for_the_First_Circuit
https://en.wikipedia.org/wiki/Southeastern_United_States https://en.wikipedia.org/wiki/United_States_Court_of_Appeals_for_the_Second_Circuit
https://en.wikipedia.org/wiki/Southeastern_United_States https://en.wikipedia.org/wiki/United_States_Court_of_Appeals_for_the_Third_Circuit
https://en.wikipedia.org/wiki/Southeastern_United_States https://en.wikipedia.org/wiki/United_States_Court_of_Appeals_for_the_Fourth_Circuit
https://en.wikipedia.org/wiki/Southeastern_United_States https://en.wikipedia.org/wiki/United_States_Court_of_Appeals_for_the_Fifth_Circuit
https://en.wikipedia.org/wiki/Southeastern_United_States https://en.wikipedia.org/wiki/United_States_Court_of_Appeals_for_the_Sixth_Circuit
https://en.wikipedia.org/wiki/Southeastern_United_States https://en.wikipedia.org/wiki/United_States_Court_of_Appeals_for_the_Seventh_Circuit
https://en.wikipedia.org/wiki/Southeastern_United_States https://en.wikipedia.org/wiki/United_States_Court_of_Appeals_for_the_Eighth_Circuit
https://en.wikipedia.org/wiki/Southeastern_United_States https://en.wikipedia.org/wiki/United_States_Court_of_Appeals_for_the_Ninth_Circuit
https://en.wikipedia.org/wiki/Southeastern_United_States https://en.wikipedia.org/wiki/United_States_Court_of_Appeals_for_the_Tenth_Circuit
https://en.wikipedia.org/wiki/Southeastern_United_States https://en.wikipedia.org/wiki/United_States_Court_of_Appeals_for_the_Eleventh_Circuit
https://en.wikipedia.org/wiki/Southeastern_United_States https://en.wikipedia.org/wiki/United_States_physiographic_region
https://en.wikipedia.org/wiki/Southeastern_United_States https://en.wikipedia.org/wiki/Pacific_Coast_Ranges
https://en.wikipedia.org/wiki/Southeastern_United_States https://en.wikipedia.org/wiki/Intermontane_Plateaus
https://en.wikipedia.org/wiki/Southeastern_United_States https://en.wikipedia.org/wiki/Rocky_Mountains
https://en.wikipedia.org/wiki/Southeastern_United_States https://en.wikipedia.org/wiki/Superior_Upland
https://en.wikipedia.org/wiki/Southeastern_United_States https://en.wikipedia.org/wiki/Interior_Plains
https://en.wikipedia.org/wiki/Southeastern_United_States https://en.wikipedia.org/wiki/U.S._Interior_Highlands
https://en.wikipedia.org/wiki/Southeastern_United_States https://en.wikipedia.org/wiki/Appalachian_Mountains
https://en.wikipedia.org/wiki/Southeastern_United_States https://en.wikipedia.org/wiki/Atlantic_Plain
https://en.wikipedia.org/wiki/Southeastern_United_States https://en.wikipedia.org/wiki/Coastal_states
https://en.wikipedia.org/wiki/Southeastern_United_States https://en.wikipedia.org/wiki/Arctic
https://en.wikipedia.org/wiki/Southeastern_United_States https://en.wikipedia.org/wiki/West_Coast_of_the_United_States
https://en.wikipedia.org/wiki/Southeastern_United_States https://en.wikipedia.org/wiki/Great_Lakes_region
https://en.wikipedia.org/wiki/Southeastern_United_States https://en.wikipedia.org/wiki/Historic_regions_of_the_United_States
https://en.wikipedia.org/wiki/Southeastern_United_States https://en.wikipedia.org/wiki/United_States_territorial_acquisitions
https://en.wikipedia.org/wiki/Southeastern_United_States https://en.wikipedia.org/wiki/Thirteen_Colonies
https://en.wikipedia.org/wiki/Southeastern_United_States https://en.wikipedia.org/wiki/Northwest_Territory
https://en.wikipedia.org/wiki/Southeastern_United_States https://en.wikipedia.org/wiki/Southwest_Territory
https://en.wikipedia.org/wiki/Southeastern_United_States https://en.wikipedia.org/wiki/Louisiana_Purchase
https://en.wikipedia.org/wiki/Southeastern_United_States https://en.wikipedia.org/wiki/Gadsden_Purchase
https://en.wikipedia.org/wiki/Southeastern_United_States https://en.wikipedia.org/wiki/Texas_annexation
https://en.wikipedia.org/wiki/Southeastern_United_States https://en.wikipedia.org/wiki/Oregon_Treaty
https://en.wikipedia.org/wiki/Southeastern_United_States https://en.wikipedia.org/wiki/Mexican_Cession
https://en.wikipedia.org/wiki/Southeastern_United_States https://en.wikipedia.org/wiki/Alaska_Purchase
https://en.wikipedia.org/wiki/Southeastern_United_States https://en.wikipedia.org/wiki/Newlands_Resolution
https://en.wikipedia.org/wiki/Southeastern_United_States https://en.wikipedia.org/wiki/American_Civil_War
https://en.wikipedia.org/wiki/Southeastern_United_States https://en.wikipedia.org/wiki/Union_(American_Civil_War)
https://en.wikipedia.org/wiki/Southeastern_United_States https://en.wikipedia.org/wiki/Border_states_(American_Civil_War)
https://en.wikipedia.org/wiki/Southeastern_United_States https://en.wikipedia.org/wiki/Confederate_States_of_America
https://en.wikipedia.org/wiki/Southeastern_United_States https://en.wikipedia.org/wiki/Old_South
https://en.wikipedia.org/wiki/Southeastern_United_States https://en.wikipedia.org/wiki/Dixie
https://en.wikipedia.org/wiki/Southeastern_United_States https://en.wikipedia.org/wiki/Slave_states_and_free_states
https://en.wikipedia.org/wiki/Southeastern_United_States https://en.wikipedia.org/wiki/Pacific_Coast_Theater_of_the_American_Civil_War
https://en.wikipedia.org/wiki/Southeastern_United_States https://en.wikipedia.org/wiki/Western_Theater_of_the_American_Civil_War
https://en.wikipedia.org/wiki/Southeastern_United_States https://en.wikipedia.org/wiki/Trans-Mississippi_Theater_of_the_American_Civil_War
https://en.wikipedia.org/wiki/Southeastern_United_States https://en.wikipedia.org/wiki/Lower_Seaboard_Theater_of_the_American_Civil_War
https://en.wikipedia.org/wiki/Southeastern_United_States https://en.wikipedia.org/wiki/Eastern_Theater_of_the_American_Civil_War
https://en.wikipedia.org/wiki/Southeastern_United_States https://en.wikipedia.org/wiki/Pacific_Northwest
https://en.wikipedia.org/wiki/Southeastern_United_States https://en.wikipedia.org/wiki/Atlantic_Northeast
https://en.wikipedia.org/wiki/Southeastern_United_States https://en.wikipedia.org/wiki/Prairie_Pothole_Region
https://en.wikipedia.org/wiki/Southeastern_United_States https://en.wikipedia.org/wiki/Columbia_District
https://en.wikipedia.org/wiki/Southeastern_United_States https://en.wikipedia.org/wiki/Oregon_Country
https://en.wikipedia.org/wiki/Southeastern_United_States https://en.wikipedia.org/wiki/Appalachia
https://en.wikipedia.org/wiki/Southeastern_United_States https://en.wikipedia.org/wiki/International_border_states_of_the_United_States
https://en.wikipedia.org/wiki/Southeastern_United_States https://en.wikipedia.org/wiki/Red_states_and_blue_states
https://en.wikipedia.org/wiki/Southeastern_United_States https://en.wikipedia.org/wiki/Central_United_States
https://en.wikipedia.org/wiki/Southeastern_United_States https://en.wikipedia.org/wiki/Four_Corners
https://en.wikipedia.org/wiki/Southeastern_United_States https://en.wikipedia.org/wiki/Great_Plains
https://en.wikipedia.org/wiki/Southeastern_United_States https://en.wikipedia.org/wiki/High_Plains_(United_States)
https://en.wikipedia.org/wiki/Southeastern_United_States https://en.wikipedia.org/wiki/Intermountain_states
https://en.wikipedia.org/wiki/Southeastern_United_States https://en.wikipedia.org/wiki/Geography_of_the_Interior_United_States
https://en.wikipedia.org/wiki/Southeastern_United_States https://en.wikipedia.org/wiki/Northern_United_States
https://en.wikipedia.org/wiki/Southeastern_United_States https://en.wikipedia.org/wiki/Northwestern_United_States
https://en.wikipedia.org/wiki/Southeastern_United_States https://en.wikipedia.org/wiki/South_Central_United_States
https://en.wikipedia.org/wiki/Southeastern_United_States https://en.wikipedia.org/wiki/Deep_South
https://en.wikipedia.org/wiki/Southeastern_United_States https://en.wikipedia.org/wiki/New_South
https://en.wikipedia.org/wiki/Southeastern_United_States https://en.wikipedia.org/wiki/Upland_South
https://en.wikipedia.org/wiki/Southeastern_United_States https://en.wikipedia.org/wiki/Southwestern_United_States
https://en.wikipedia.org/wiki/Southeastern_United_States https://en.wikipedia.org/wiki/Upper_Midwest
https://en.wikipedia.org/wiki/Southeastern_United_States https://en.wikipedia.org/wiki/Plantations_in_the_American_South
https://en.wikipedia.org/wiki/Southeastern_United_States https://en.wikipedia.org/wiki/Plantation_economy
https://en.wikipedia.org/wiki/Southeastern_United_States https://en.wikipedia.org/wiki/Plantation_complexes_in_the_Southern_United_States
https://en.wikipedia.org/wiki/Southeastern_United_States https://en.wikipedia.org/wiki/Cotton
https://en.wikipedia.org/wiki/Southeastern_United_States https://en.wikipedia.org/wiki/Indigo_dye
https://en.wikipedia.org/wiki/Southeastern_United_States https://en.wikipedia.org/wiki/Rice
https://en.wikipedia.org/wiki/Southeastern_United_States https://en.wikipedia.org/wiki/Sugarcane
https://en.wikipedia.org/wiki/Southeastern_United_States https://en.wikipedia.org/wiki/Tobacco
https://en.wikipedia.org/wiki/Southeastern_United_States https://en.wikipedia.org/wiki/Hemp
https://en.wikipedia.org/wiki/Southeastern_United_States https://en.wikipedia.org/wiki/Slave_breeding_in_the_United_States
https://en.wikipedia.org/wiki/Southeastern_United_States https://en.wikipedia.org/wiki/Atlantic_slave_trade
https://en.wikipedia.org/wiki/Southeastern_United_States https://en.wikipedia.org/wiki/Slavery_in_the_United_States#Internal_slave_trade_and_forced_migration
https://en.wikipedia.org/wiki/Southeastern_United_States https://en.wikipedia.org/wiki/Interregional_slave_trade
https://en.wikipedia.org/wiki/Southeastern_United_States https://en.wikipedia.org/wiki/Fugitive_slave_laws
https://en.wikipedia.org/wiki/Southeastern_United_States https://en.wikipedia.org/wiki/Sharecropping#United_States
https://en.wikipedia.org/wiki/Southeastern_United_States https://en.wikipedia.org/wiki/Convict_lease
https://en.wikipedia.org/wiki/Southeastern_United_States https://en.wikipedia.org/wiki/List_of_plantations_in_the_United_States
https://en.wikipedia.org/wiki/Southeastern_United_States https://en.wikipedia.org/wiki/List_of_plantations_in_Alabama
https://en.wikipedia.org/wiki/Southeastern_United_States https://en.wikipedia.org/wiki/Plantations_of_Leon_County
https://en.wikipedia.org/wiki/Southeastern_United_States https://en.wikipedia.org/wiki/List_of_plantations_in_Georgia_(U.S._state)
https://en.wikipedia.org/wiki/Southeastern_United_States https://en.wikipedia.org/wiki/List_of_plantations_in_Kentucky_(U.S._state)
https://en.wikipedia.org/wiki/Southeastern_United_States https://en.wikipedia.org/wiki/List_of_plantations_in_Louisiana
https://en.wikipedia.org/wiki/Southeastern_United_States https://en.wikipedia.org/wiki/List_of_plantations_in_Mississippi
https://en.wikipedia.org/wiki/Southeastern_United_States https://en.wikipedia.org/wiki/List_of_plantations_in_North_Carolina
https://en.wikipedia.org/wiki/Southeastern_United_States https://en.wikipedia.org/wiki/List_of_plantations_in_South_Carolina
https://en.wikipedia.org/wiki/Southeastern_United_States https://en.wikipedia.org/wiki/List_of_plantations_in_Virginia
https://en.wikipedia.org/wiki/Southeastern_United_States https://en.wikipedia.org/wiki/List_of_plantations_in_West_Virginia
https://en.wikipedia.org/wiki/Southeastern_United_States https://en.wikipedia.org/wiki/Geographic_coordinate_system
